2025-09-16 16:11:26,ANKR,0.01277,0.01268,,Coinbase → Kraken,0.71%
2025-09-16 16:11:26,APE,0.4909,0.49,,Coinbase → Kraken,0.18%
2025-09-16 16:11:26,ATOM,3.7754,3.782,,Kraken → Coinbase,0.17%
2025-09-16 16:11:26,AVAX,25.37,25.3,,Coinbase → Kraken,0.28%
2025-09-16 16:11:26,AXS,2.047,2.05,,Kraken → Coinbase,0.15%
2025-09-16 16:11:26,BAT,0.13108,0.13151,,Kraken → Coinbase,0.33%
2025-09-16 16:11:26,CHZ,0.03458,0.0349,,Kraken → Coinbase,0.93%
2025-09-16 16:11:26,CRO,0.1912,0.1917,,Kraken → Coinbase,0.26%
2025-09-16 16:11:26,ENS,19.44,19.59,,Kraken → Coinbase,0.77%
2025-09-16 16:11:26,FIL,2.053,2.06,,Kraken → Coinbase,0.34%
2025-09-16 16:11:26,GRT,0.07891,0.0788,,Coinbase → Kraken,0.14%
2025-09-16 16:11:26,MANA,0.28629,0.286,,Coinbase → Kraken,0.10%
2025-09-16 16:11:26,MASK,1.052,1.05,,Coinbase → Kraken,0.19%
2025-09-16 16:11:26,SNX,0.57,0.572,,Kraken → Coinbase,0.35%
2025-09-16 16:11:26,UNI,7.8,7.75,,Coinbase → Kraken,0.65%
2025-09-16 16:11:26,XLM,0.325885,0.326742,,Kraken → Coinbase,0.26%
2025-09-16 16:11:26,XTZ,0.646,0.65,,Kraken → Coinbase,0.62%
2025-09-16 16:11:31,ANKR,0.01277,0.01268,,Coinbase → Kraken,0.71%
2025-09-16 16:11:31,APE,0.4909,0.49,,Coinbase → Kraken,0.18%
2025-09-16 16:11:31,ATOM,3.7754,3.782,,Kraken → Coinbase,0.17%
2025-09-16 16:11:31,AVAX,25.37,25.3,,Coinbase → Kraken,0.28%
2025-09-16 16:11:31,AXS,2.047,2.05,,Kraken → Coinbase,0.15%
2025-09-16 16:11:31,BAT,0.13108,0.13151,,Kraken → Coinbase,0.33%
2025-09-16 16:11:31,CHZ,0.03458,0.0349,,Kraken → Coinbase,0.93%
2025-09-16 16:11:31,CRO,0.1912,0.1917,,Kraken → Coinbase,0.26%
2025-09-16 16:11:31,ENS,19.44,19.59,,Kraken → Coinbase,0.77%
2025-09-16 16:11:31,FIL,2.053,2.06,,Kraken → Coinbase,0.34%
2025-09-16 16:11:31,GRT,0.07891,0.0788,,Coinbase → Kraken,0.14%
2025-09-16 16:11:31,MANA,0.28629,0.286,,Coinbase → Kraken,0.10%
2025-09-16 16:11:31,MASK,1.052,1.05,,Coinbase → Kraken,0.19%
2025-09-16 16:11:31,SNX,0.57,0.572,,Kraken → Coinbase,0.35%
2025-09-16 16:11:31,UNI,7.8,7.75,,Coinbase → Kraken,0.65%
2025-09-16 16:11:31,XLM,0.325885,0.326742,,Kraken → Coinbase,0.26%
2025-09-16 16:11:31,XTZ,0.646,0.65,,Kraken → Coinbase,0.62%
2025-09-16 16:11:36,ANKR,0.01277,0.01268,,Coinbase → Kraken,0.71%
2025-09-16 16:11:36,APE,0.4909,0.49,,Coinbase → Kraken,0.18%
2025-09-16 16:11:36,ATOM,3.7754,3.782,,Kraken → Coinbase,0.17%
2025-09-16 16:11:36,AVAX,25.37,25.31,,Coinbase → Kraken,0.24%
2025-09-16 16:11:36,AXS,2.047,2.05,,Kraken → Coinbase,0.15%
2025-09-16 16:11:36,BAT,0.13108,0.13151,,Kraken → Coinbase,0.33%
2025-09-16 16:11:36,CHZ,0.03458,0.0349,,Kraken → Coinbase,0.93%
2025-09-16 16:11:36,CRO,0.1912,0.1917,,Kraken → Coinbase,0.26%
2025-09-16 16:11:36,ENS,19.44,19.59,,Kraken → Coinbase,0.77%
2025-09-16 16:11:36,FIL,2.053,2.06,,Kraken → Coinbase,0.34%
2025-09-16 16:11:36,GRT,0.07891,0.0788,,Coinbase → Kraken,0.14%
2025-09-16 16:11:36,MANA,0.28629,0.286,,Coinbase → Kraken,0.10%
2025-09-16 16:11:36,MASK,1.052,1.05,,Coinbase → Kraken,0.19%
2025-09-16 16:11:36,SNX,0.57,0.572,,Kraken → Coinbase,0.35%
2025-09-16 16:11:36,UNI,7.8,7.75,,Coinbase → Kraken,0.65%
2025-09-16 16:11:36,XLM,0.325885,0.326742,,Kraken → Coinbase,0.26%
2025-09-16 16:11:36,XTZ,0.646,0.65,,Kraken → Coinbase,0.62%
2025-09-16 16:11:41,ANKR,0.01277,0.01268,,Coinbase → Kraken,0.71%
2025-09-16 16:11:41,APE,0.4909,0.49,,Coinbase → Kraken,0.18%
2025-09-16 16:11:41,ATOM,3.7754,3.782,,Kraken → Coinbase,0.17%
2025-09-16 16:11:41,AVAX,25.37,25.31,,Coinbase → Kraken,0.24%
2025-09-16 16:11:41,AXS,2.047,2.05,,Kraken → Coinbase,0.15%
2025-09-16 16:11:41,BAT,0.13108,0.13151,,Kraken → Coinbase,0.33%
2025-09-16 16:11:41,CHZ,0.03458,0.0349,,Kraken → Coinbase,0.93%
2025-09-16 16:11:41,CRO,0.1912,0.1917,,Kraken → Coinbase,0.26%
2025-09-16 16:11:41,ENS,19.44,19.59,,Kraken → Coinbase,0.77%
2025-09-16 16:11:41,FIL,2.053,2.06,,Kraken → Coinbase,0.34%
2025-09-16 16:11:41,GRT,0.07891,0.0788,,Coinbase → Kraken,0.14%
2025-09-16 16:11:41,MANA,0.28629,0.286,,Coinbase → Kraken,0.10%
2025-09-16 16:11:41,MASK,1.052,1.05,,Coinbase → Kraken,0.19%
2025-09-16 16:11:41,SNX,0.57,0.569,,Coinbase → Kraken,0.18%
2025-09-16 16:11:41,UNI,7.8,7.75,,Coinbase → Kraken,0.65%
2025-09-16 16:11:41,XLM,0.325885,0.326742,,Kraken → Coinbase,0.26%
2025-09-16 16:11:41,XTZ,0.646,0.65,,Kraken → Coinbase,0.62%
2025-09-16 16:11:46,ANKR,0.01277,0.01268,,Coinbase → Kraken,0.71%
2025-09-16 16:11:46,APE,0.4909,0.49,,Coinbase → Kraken,0.18%
2025-09-16 16:11:46,ATOM,3.7754,3.782,,Kraken → Coinbase,0.17%
2025-09-16 16:11:46,AXS,2.047,2.05,,Kraken → Coinbase,0.15%
2025-09-16 16:11:46,BAT,0.13108,0.13151,,Kraken → Coinbase,0.33%
2025-09-16 16:11:46,CHZ,0.03458,0.0349,,Kraken → Coinbase,0.93%
2025-09-16 16:11:46,CRO,0.1912,0.1917,,Kraken → Coinbase,0.26%
2025-09-16 16:11:46,ENS,19.44,19.59,,Kraken → Coinbase,0.77%
2025-09-16 16:11:46,FIL,2.053,2.06,,Kraken → Coinbase,0.34%
2025-09-16 16:11:46,GRT,0.07891,0.0788,,Coinbase → Kraken,0.14%
2025-09-16 16:11:46,MANA,0.28629,0.286,,Coinbase → Kraken,0.10%
2025-09-16 16:11:46,MASK,1.052,1.05,,Coinbase → Kraken,0.19%
2025-09-16 16:11:46,SNX,0.57,0.569,,Coinbase → Kraken,0.18%
2025-09-16 16:11:46,UNI,7.8,7.75,,Coinbase → Kraken,0.65%
2025-09-16 16:11:46,XLM,0.325885,0.326742,,Kraken → Coinbase,0.26%
2025-09-16 16:11:46,XTZ,0.646,0.65,,Kraken → Coinbase,0.62%
2025-09-16 16:11:51,ANKR,0.01277,0.01268,,Coinbase → Kraken,0.71%
2025-09-16 16:11:51,APE,0.4909,0.49,,Coinbase → Kraken,0.18%
2025-09-16 16:11:51,ATOM,3.7754,3.782,,Kraken → Coinbase,0.17%
2025-09-16 16:11:51,AXS,2.047,2.05,,Kraken → Coinbase,0.15%
2025-09-16 16:11:51,BAT,0.13108,0.13151,,Kraken → Coinbase,0.33%
2025-09-16 16:11:51,CHZ,0.03458,0.0349,,Kraken → Coinbase,0.93%
2025-09-16 16:11:51,CRO,0.1912,0.1917,,Kraken → Coinbase,0.26%
2025-09-16 16:11:51,ENS,19.44,19.59,,Kraken → Coinbase,0.77%
2025-09-16 16:11:51,FIL,2.053,2.06,,Kraken → Coinbase,0.34%
2025-09-16 16:11:51,GRT,0.07891,0.0788,,Coinbase → Kraken,0.14%
2025-09-16 16:11:51,MANA,0.28629,0.286,,Coinbase → Kraken,0.10%
2025-09-16 16:11:51,MASK,1.052,1.05,,Coinbase → Kraken,0.19%
2025-09-16 16:11:51,SNX,0.57,0.569,,Coinbase → Kraken,0.18%
2025-09-16 16:11:51,UNI,7.8,7.75,,Coinbase → Kraken,0.65%
2025-09-16 16:11:51,XLM,0.325885,0.326742,,Kraken → Coinbase,0.26%
2025-09-16 16:11:51,XTZ,0.646,0.65,,Kraken → Coinbase,0.62%
2025-09-16 16:11:56,ADA,0.7275,0.726,,Coinbase → Kraken,0.21%
2025-09-16 16:11:56,ANKR,0.01277,0.01268,,Coinbase → Kraken,0.71%
2025-09-16 16:11:56,APE,0.4909,0.49,,Coinbase → Kraken,0.18%
2025-09-16 16:11:56,ATOM,3.7754,3.782,,Kraken → Coinbase,0.17%
2025-09-16 16:11:56,AXS,2.047,2.05,,Kraken → Coinbase,0.15%
2025-09-16 16:11:56,BAT,0.13108,0.13151,,Kraken → Coinbase,0.33%
2025-09-16 16:11:56,CHZ,0.03458,0.0349,,Kraken → Coinbase,0.93%
2025-09-16 16:11:56,CRO,0.1912,0.1917,,Kraken → Coinbase,0.26%
2025-09-16 16:11:56,DOT,3.5314,3.52,,Coinbase → Kraken,0.32%
2025-09-16 16:11:56,ENS,19.44,19.59,,Kraken → Coinbase,0.77%
2025-09-16 16:11:56,FIL,2.053,2.06,,Kraken → Coinbase,0.34%
2025-09-16 16:11:56,GRT,0.07891,0.0788,,Coinbase → Kraken,0.14%
2025-09-16 16:11:56,LTC,96.0,95.89,,Coinbase → Kraken,0.11%
2025-09-16 16:11:56,MANA,0.28629,0.286,,Coinbase → Kraken,0.10%
2025-09-16 16:11:56,MASK,1.052,1.05,,Coinbase → Kraken,0.19%
2025-09-16 16:11:56,UNI,7.8,7.75,,Coinbase → Kraken,0.65%
2025-09-16 16:11:56,XLM,0.325885,0.326742,,Kraken → Coinbase,0.26%
2025-09-16 16:11:56,XTZ,0.645,0.65,,Kraken → Coinbase,0.78%
2025-09-16 16:12:01,AAVE,246.36,246.04,,Coinbase → Kraken,0.13%
2025-09-16 16:12:01,ANKR,0.01277,0.01268,,Coinbase → Kraken,0.71%
2025-09-16 16:12:01,APE,0.4909,0.49,,Coinbase → Kraken,0.18%
2025-09-16 16:12:01,ATOM,3.7754,3.782,,Kraken → Coinbase,0.17%
2025-09-16 16:12:01,AXS,2.047,2.05,,Kraken → Coinbase,0.15%
2025-09-16 16:12:01,BAT,0.13108,0.13151,,Kraken → Coinbase,0.33%
2025-09-16 16:12:01,CHZ,0.03458,0.0349,,Kraken → Coinbase,0.93%
2025-09-16 16:12:01,CRO,0.1912,0.1917,,Kraken → Coinbase,0.26%
2025-09-16 16:12:01,ENS,19.44,19.59,,Kraken → Coinbase,0.77%
2025-09-16 16:12:01,FIL,2.053,2.06,,Kraken → Coinbase,0.34%
2025-09-16 16:12:01,GRT,0.07891,0.0788,,Coinbase → Kraken,0.14%
2025-09-16 16:12:01,MANA,0.28629,0.286,,Coinbase → Kraken,0.10%
2025-09-16 16:12:01,MASK,1.052,1.05,,Coinbase → Kraken,0.19%
2025-09-16 16:12:01,UNI,7.8,7.75,,Coinbase → Kraken,0.65%
2025-09-16 16:12:01,XLM,0.325885,0.326742,,Kraken → Coinbase,0.26%
2025-09-16 16:12:01,XTZ,0.645,0.65,,Kraken → Coinbase,0.78%
2025-09-16 16:12:06,AAVE,246.36,245.97,,Coinbase → Kraken,0.16%
2025-09-16 16:12:06,ALGO,0.1985,0.198,,Coinbase → Kraken,0.25%
2025-09-16 16:12:06,ANKR,0.01277,0.01268,,Coinbase → Kraken,0.71%
2025-09-16 16:12:06,APE,0.4909,0.49,,Coinbase → Kraken,0.18%
2025-09-16 16:12:06,ATOM,3.7754,3.782,,Kraken → Coinbase,0.17%
2025-09-16 16:12:06,AXS,2.047,2.05,,Kraken → Coinbase,0.15%
2025-09-16 16:12:06,BAT,0.13108,0.13151,,Kraken → Coinbase,0.33%
2025-09-16 16:12:06,CHZ,0.03458,0.0349,,Kraken → Coinbase,0.93%
2025-09-16 16:12:06,CRO,0.1912,0.1917,,Kraken → Coinbase,0.26%
2025-09-16 16:12:06,ENS,19.44,19.59,,Kraken → Coinbase,0.77%
2025-09-16 16:12:06,FIL,2.053,2.06,,Kraken → Coinbase,0.34%
2025-09-16 16:12:06,GRT,0.07891,0.0788,,Coinbase → Kraken,0.14%
2025-09-16 16:12:06,MANA,0.28629,0.286,,Coinbase → Kraken,0.10%
2025-09-16 16:12:06,MASK,1.052,1.05,,Coinbase → Kraken,0.19%
2025-09-16 16:12:06,UNI,7.8,7.75,,Coinbase → Kraken,0.65%
2025-09-16 16:12:06,XLM,0.325885,0.325401,,Coinbase → Kraken,0.15%
2025-09-16 16:12:06,XTZ,0.645,0.65,,Kraken → Coinbase,0.78%
2025-09-16 16:12:11,AAVE,246.36,245.97,,Coinbase → Kraken,0.16%
2025-09-16 16:12:11,ALGO,0.1985,0.1978,,Coinbase → Kraken,0.35%
2025-09-16 16:12:11,ANKR,0.01277,0.01268,,Coinbase → Kraken,0.71%
2025-09-16 16:12:11,APE,0.4909,0.49,,Coinbase → Kraken,0.18%
2025-09-16 16:12:11,ATOM,3.7754,3.782,,Kraken → Coinbase,0.17%
2025-09-16 16:12:11,AXS,2.047,2.05,,Kraken → Coinbase,0.15%
2025-09-16 16:12:11,BAT,0.13108,0.13151,,Kraken → Coinbase,0.33%
2025-09-16 16:12:11,CHZ,0.03458,0.0349,,Kraken → Coinbase,0.93%
2025-09-16 16:12:11,CRO,0.1912,0.191,,Coinbase → Kraken,0.10%
2025-09-16 16:12:11,ENS,19.44,19.59,,Kraken → Coinbase,0.77%
2025-09-16 16:12:11,FIL,2.053,2.06,,Kraken → Coinbase,0.34%
2025-09-16 16:12:11,GRT,0.07891,0.0788,,Coinbase → Kraken,0.14%
2025-09-16 16:12:11,MANA,0.28629,0.286,,Coinbase → Kraken,0.10%
2025-09-16 16:12:11,MASK,1.052,1.05,,Coinbase → Kraken,0.19%
2025-09-16 16:12:11,SHIB,1.091e-05,1.089e-05,,Coinbase → Kraken,0.18%
2025-09-16 16:12:11,UNI,7.8,7.75,,Coinbase → Kraken,0.65%
2025-09-16 16:12:11,XTZ,0.645,0.65,,Kraken → Coinbase,0.78%
2025-09-16 16:12:16,AAVE,246.36,245.97,,Coinbase → Kraken,0.16%
2025-09-16 16:12:16,ALGO,0.1985,0.1978,,Coinbase → Kraken,0.35%
2025-09-16 16:12:16,ANKR,0.01277,0.01268,,Coinbase → Kraken,0.71%
2025-09-16 16:12:16,APE,0.4909,0.49,,Coinbase → Kraken,0.18%
2025-09-16 16:12:16,ATOM,3.7754,3.782,,Kraken → Coinbase,0.17%
2025-09-16 16:12:16,AXS,2.047,2.05,,Kraken → Coinbase,0.15%
2025-09-16 16:12:16,BAT,0.13108,0.13151,,Kraken → Coinbase,0.33%
2025-09-16 16:12:16,CHZ,0.03458,0.0349,,Kraken → Coinbase,0.93%
2025-09-16 16:12:16,CRO,0.1912,0.191,,Coinbase → Kraken,0.10%
2025-09-16 16:12:16,ENS,19.44,19.59,,Kraken → Coinbase,0.77%
2025-09-16 16:12:16,FIL,2.053,2.06,,Kraken → Coinbase,0.34%
2025-09-16 16:12:16,GRT,0.07891,0.0788,,Coinbase → Kraken,0.14%
2025-09-16 16:12:16,MANA,0.28629,0.286,,Coinbase → Kraken,0.10%
2025-09-16 16:12:16,MASK,1.052,1.05,,Coinbase → Kraken,0.19%
2025-09-16 16:12:16,SHIB,1.091e-05,1.089e-05,,Coinbase → Kraken,0.18%
2025-09-16 16:12:16,UNI,7.8,7.75,,Coinbase → Kraken,0.65%
2025-09-16 16:12:16,XTZ,0.645,0.65,,Kraken → Coinbase,0.78%
2025-09-16 16:12:21,AAVE,246.36,245.97,,Coinbase → Kraken,0.16%
2025-09-16 16:12:21,ALGO,0.1985,0.1978,,Coinbase → Kraken,0.35%
2025-09-16 16:12:21,ANKR,0.01277,0.01268,,Coinbase → Kraken,0.71%
2025-09-16 16:12:21,APE,0.4909,0.49,,Coinbase → Kraken,0.18%
2025-09-16 16:12:21,ATOM,3.7754,3.782,,Kraken → Coinbase,0.17%
2025-09-16 16:12:21,AXS,2.047,2.05,,Kraken → Coinbase,0.15%
2025-09-16 16:12:21,BAT,0.13108,0.13151,,Kraken → Coinbase,0.33%
2025-09-16 16:12:21,CHZ,0.03458,0.0349,,Kraken → Coinbase,0.93%
2025-09-16 16:12:21,CRO,0.1912,0.191,,Coinbase → Kraken,0.10%
2025-09-16 16:12:21,ENS,19.44,19.59,,Kraken → Coinbase,0.77%
2025-09-16 16:12:21,FIL,2.053,2.06,,Kraken → Coinbase,0.34%
2025-09-16 16:12:21,GRT,0.07891,0.0788,,Coinbase → Kraken,0.14%
2025-09-16 16:12:21,MANA,0.28629,0.286,,Coinbase → Kraken,0.10%
2025-09-16 16:12:21,MASK,1.052,1.05,,Coinbase → Kraken,0.19%
2025-09-16 16:12:21,SHIB,1.091e-05,1.089e-05,,Coinbase → Kraken,0.18%
2025-09-16 16:12:21,UNI,7.8,7.75,,Coinbase → Kraken,0.65%
2025-09-16 16:12:21,XTZ,0.645,0.65,,Kraken → Coinbase,0.78%
2025-09-16 16:12:26,ADA,0.726763,0.7259,,Coinbase → Kraken,0.12%
2025-09-16 16:12:26,ALGO,0.1985,0.1978,,Coinbase → Kraken,0.35%
2025-09-16 16:12:26,ANKR,0.01277,0.01268,,Coinbase → Kraken,0.71%
2025-09-16 16:12:26,APE,0.4909,0.49,,Coinbase → Kraken,0.18%
2025-09-16 16:12:26,ATOM,3.7754,3.782,,Kraken → Coinbase,0.17%
2025-09-16 16:12:26,AXS,2.047,2.05,,Kraken → Coinbase,0.15%
2025-09-16 16:12:26,BAT,0.13108,0.13151,,Kraken → Coinbase,0.33%
2025-09-16 16:12:26,CHZ,0.03458,0.0349,,Kraken → Coinbase,0.93%
2025-09-16 16:12:26,CRO,0.1912,0.191,,Coinbase → Kraken,0.10%
2025-09-16 16:12:26,ENS,19.44,19.59,,Kraken → Coinbase,0.77%
2025-09-16 16:12:26,FIL,2.053,2.06,,Kraken → Coinbase,0.34%
2025-09-16 16:12:26,GRT,0.07891,0.0788,,Coinbase → Kraken,0.14%
2025-09-16 16:12:26,MANA,0.28629,0.286,,Coinbase → Kraken,0.10%
2025-09-16 16:12:26,MASK,1.052,1.05,,Coinbase → Kraken,0.19%
2025-09-16 16:12:26,SHIB,1.091e-05,1.089e-05,,Coinbase → Kraken,0.18%
2025-09-16 16:12:26,UNI,7.8,7.75,,Coinbase → Kraken,0.65%
2025-09-16 16:12:26,XTZ,0.645,0.65,,Kraken → Coinbase,0.78%
2025-09-16 16:12:31,ADA,0.726763,0.7259,,Coinbase → Kraken,0.12%
2025-09-16 16:12:31,ALGO,0.1985,0.1978,,Coinbase → Kraken,0.35%
2025-09-16 16:12:31,ANKR,0.01277,0.01268,,Coinbase → Kraken,0.71%
2025-09-16 16:12:31,APE,0.4909,0.49,,Coinbase → Kraken,0.18%
2025-09-16 16:12:31,ATOM,3.7754,3.782,,Kraken → Coinbase,0.17%
2025-09-16 16:12:31,AXS,2.047,2.05,,Kraken → Coinbase,0.15%
2025-09-16 16:12:31,BAT,0.13108,0.13151,,Kraken → Coinbase,0.33%
2025-09-16 16:12:31,BCH,498.49,499.2,,Kraken → Coinbase,0.14%
2025-09-16 16:12:31,CHZ,0.03458,0.0349,,Kraken → Coinbase,0.93%
2025-09-16 16:12:31,CRO,0.1912,0.191,,Coinbase → Kraken,0.10%
2025-09-16 16:12:31,ENS,19.44,19.59,,Kraken → Coinbase,0.77%
2025-09-16 16:12:31,FIL,2.053,2.06,,Kraken → Coinbase,0.34%
2025-09-16 16:12:31,GRT,0.07869,0.0788,,Kraken → Coinbase,0.14%
2025-09-16 16:12:31,MANA,0.28629,0.286,,Coinbase → Kraken,0.10%
2025-09-16 16:12:31,MASK,1.052,1.05,,Coinbase → Kraken,0.19%
2025-09-16 16:12:31,SOL,196.03,195.82,,Coinbase → Kraken,0.11%
2025-09-16 16:12:31,UNI,7.8,7.75,,Coinbase → Kraken,0.65%
2025-09-16 16:12:31,XTZ,0.645,0.65,,Kraken → Coinbase,0.78%
2025-09-16 16:12:36,ADA,0.726763,0.7259,,Coinbase → Kraken,0.12%
2025-09-16 16:12:36,ALGO,0.1985,0.1978,,Coinbase → Kraken,0.35%
2025-09-16 16:12:36,ANKR,0.01277,0.01268,,Coinbase → Kraken,0.71%
2025-09-16 16:12:36,APE,0.4909,0.49,,Coinbase → Kraken,0.18%
2025-09-16 16:12:36,ATOM,3.7754,3.782,,Kraken → Coinbase,0.17%
2025-09-16 16:12:36,AXS,2.047,2.05,,Kraken → Coinbase,0.15%
2025-09-16 16:12:36,BAT,0.13108,0.13151,,Kraken → Coinbase,0.33%
2025-09-16 16:12:36,BCH,498.49,499.2,,Kraken → Coinbase,0.14%
2025-09-16 16:12:36,CHZ,0.03458,0.0349,,Kraken → Coinbase,0.93%
2025-09-16 16:12:36,CRO,0.1912,0.191,,Coinbase → Kraken,0.10%
2025-09-16 16:12:36,ENS,19.44,19.59,,Kraken → Coinbase,0.77%
2025-09-16 16:12:36,FIL,2.053,2.06,,Kraken → Coinbase,0.34%
2025-09-16 16:12:36,GRT,0.07869,0.0788,,Kraken → Coinbase,0.14%
2025-09-16 16:12:36,MANA,0.28629,0.286,,Coinbase → Kraken,0.10%
2025-09-16 16:12:36,MASK,1.052,1.05,,Coinbase → Kraken,0.19%
2025-09-16 16:12:36,UNI,7.8,7.75,,Coinbase → Kraken,0.65%
2025-09-16 16:12:36,XTZ,0.645,0.65,,Kraken → Coinbase,0.78%
2025-09-16 16:12:41,ALGO,0.1985,0.1978,,Coinbase → Kraken,0.35%
2025-09-16 16:12:41,ANKR,0.01277,0.01268,,Coinbase → Kraken,0.71%
2025-09-16 16:12:41,APE,0.4909,0.49,,Coinbase → Kraken,0.18%
2025-09-16 16:12:41,ATOM,3.76,3.782,,Kraken → Coinbase,0.59%
2025-09-16 16:12:41,AVAX,25.25,25.3,,Kraken → Coinbase,0.20%
2025-09-16 16:12:41,AXS,2.047,2.04,,Coinbase → Kraken,0.34%
2025-09-16 16:12:41,BAT,0.13108,0.13151,,Kraken → Coinbase,0.33%
2025-09-16 16:12:41,CHZ,0.03458,0.0349,,Kraken → Coinbase,0.93%
2025-09-16 16:12:41,CRO,0.1912,0.191,,Coinbase → Kraken,0.10%
2025-09-16 16:12:41,ENS,19.44,19.59,,Kraken → Coinbase,0.77%
2025-09-16 16:12:41,FIL,2.044,2.05,,Kraken → Coinbase,0.29%
2025-09-16 16:12:41,GRT,0.07869,0.0788,,Kraken → Coinbase,0.14%
2025-09-16 16:12:41,MANA,0.28629,0.286,,Coinbase → Kraken,0.10%
2025-09-16 16:12:41,MASK,1.052,1.05,,Coinbase → Kraken,0.19%
2025-09-16 16:12:41,SHIB,1.087e-05,1.089e-05,,Kraken → Coinbase,0.18%
2025-09-16 16:12:41,UNI,7.8,7.75,,Coinbase → Kraken,0.65%
2025-09-16 16:12:41,XLM,0.325658,0.325,,Coinbase → Kraken,0.20%
2025-09-16 16:12:41,XTZ,0.644,0.65,,Kraken → Coinbase,0.93%
2025-09-16 16:12:46,1INCH,0.216,0.214,,Coinbase → Kraken,0.93%
2025-09-16 16:12:46,ALGO,0.1985,0.1978,,Coinbase → Kraken,0.35%
2025-09-16 16:12:46,ANKR,0.01277,0.01268,,Coinbase → Kraken,0.71%
2025-09-16 16:12:46,APE,0.4909,0.49,,Coinbase → Kraken,0.18%
2025-09-16 16:12:46,ATOM,3.76,3.782,,Kraken → Coinbase,0.59%
2025-09-16 16:12:46,AXS,2.047,2.04,,Coinbase → Kraken,0.34%
2025-09-16 16:12:46,BAT,0.13108,0.13151,,Kraken → Coinbase,0.33%
2025-09-16 16:12:46,CHZ,0.03458,0.0349,,Kraken → Coinbase,0.93%
2025-09-16 16:12:46,CRO,0.1912,0.191,,Coinbase → Kraken,0.10%
2025-09-16 16:12:46,ENS,19.44,19.59,,Kraken → Coinbase,0.77%
2025-09-16 16:12:46,ETC,17.081,17.04,,Coinbase → Kraken,0.24%
2025-09-16 16:12:46,FIL,2.044,2.05,,Kraken → Coinbase,0.29%
2025-09-16 16:12:46,GRT,0.07869,0.0788,,Kraken → Coinbase,0.14%
2025-09-16 16:12:46,MANA,0.28629,0.286,,Coinbase → Kraken,0.10%
2025-09-16 16:12:46,MASK,1.052,1.05,,Coinbase → Kraken,0.19%
2025-09-16 16:12:46,MINA,0.1521,0.153,,Kraken → Coinbase,0.59%
2025-09-16 16:12:46,SHIB,1.087e-05,1.089e-05,,Kraken → Coinbase,0.18%
2025-09-16 16:12:46,UNI,7.8,7.73,,Coinbase → Kraken,0.91%
2025-09-16 16:12:46,XLM,0.325658,0.325,,Coinbase → Kraken,0.20%
2025-09-16 16:12:46,XTZ,0.644,0.65,,Kraken → Coinbase,0.93%
2025-09-16 16:12:51,1INCH,0.216,0.214,,Coinbase → Kraken,0.93%
2025-09-16 16:12:51,AAVE,245.73,245.42,,Coinbase → Kraken,0.13%
2025-09-16 16:12:51,ALGO,0.1985,0.1973,,Coinbase → Kraken,0.61%
2025-09-16 16:12:51,ANKR,0.01277,0.01268,,Coinbase → Kraken,0.71%
2025-09-16 16:12:51,APE,0.4909,0.49,,Coinbase → Kraken,0.18%
2025-09-16 16:12:51,ATOM,3.76,3.782,,Kraken → Coinbase,0.59%
2025-09-16 16:12:51,AXS,2.047,2.04,,Coinbase → Kraken,0.34%
2025-09-16 16:12:51,BAT,0.13108,0.13151,,Kraken → Coinbase,0.33%
2025-09-16 16:12:51,CHZ,0.03458,0.0349,,Kraken → Coinbase,0.93%
2025-09-16 16:12:51,CRO,0.1912,0.191,,Coinbase → Kraken,0.10%
2025-09-16 16:12:51,ENS,19.44,19.59,,Kraken → Coinbase,0.77%
2025-09-16 16:12:51,ETC,17.081,17.04,,Coinbase → Kraken,0.24%
2025-09-16 16:12:51,FIL,2.044,2.05,,Kraken → Coinbase,0.29%
2025-09-16 16:12:51,GRT,0.07869,0.0785,,Coinbase → Kraken,0.24%
2025-09-16 16:12:51,MANA,0.28629,0.286,,Coinbase → Kraken,0.10%
2025-09-16 16:12:51,MASK,1.052,1.05,,Coinbase → Kraken,0.19%
2025-09-16 16:12:51,MINA,0.1521,0.153,,Kraken → Coinbase,0.59%
2025-09-16 16:12:51,SHIB,1.087e-05,1.089e-05,,Kraken → Coinbase,0.18%
2025-09-16 16:12:51,SNX,0.568,0.567,,Coinbase → Kraken,0.18%
2025-09-16 16:12:51,UNI,7.8,7.73,,Coinbase → Kraken,0.91%
2025-09-16 16:12:51,XLM,0.325658,0.324944,,Coinbase → Kraken,0.22%
2025-09-16 16:12:51,XTZ,0.644,0.65,,Kraken → Coinbase,0.93%
2025-09-16 16:12:56,1INCH,0.216,0.214,,Coinbase → Kraken,0.93%
2025-09-16 16:12:56,AAVE,245.73,245.42,,Coinbase → Kraken,0.13%
2025-09-16 16:12:56,ALGO,0.1985,0.1973,,Coinbase → Kraken,0.61%
2025-09-16 16:12:56,ANKR,0.01277,0.01268,,Coinbase → Kraken,0.71%
2025-09-16 16:12:56,APE,0.4909,0.49,,Coinbase → Kraken,0.18%
2025-09-16 16:12:56,ATOM,3.76,3.756,,Coinbase → Kraken,0.11%
2025-09-16 16:12:56,AXS,2.047,2.04,,Coinbase → Kraken,0.34%
2025-09-16 16:12:56,BAT,0.13108,0.13151,,Kraken → Coinbase,0.33%
2025-09-16 16:12:56,CHZ,0.03458,0.0349,,Kraken → Coinbase,0.93%
2025-09-16 16:12:56,CRO,0.1912,0.191,,Coinbase → Kraken,0.10%
2025-09-16 16:12:56,ENS,19.44,19.59,,Kraken → Coinbase,0.77%
2025-09-16 16:12:56,ETC,17.02,17.04,,Kraken → Coinbase,0.12%
2025-09-16 16:12:56,FIL,2.044,2.05,,Kraken → Coinbase,0.29%
2025-09-16 16:12:56,GRT,0.07869,0.0785,,Coinbase → Kraken,0.24%
2025-09-16 16:12:56,MANA,0.28629,0.286,,Coinbase → Kraken,0.10%
2025-09-16 16:12:56,MASK,1.052,1.05,,Coinbase → Kraken,0.19%
2025-09-16 16:12:56,MINA,0.1521,0.153,,Kraken → Coinbase,0.59%
2025-09-16 16:12:56,SHIB,1.087e-05,1.089e-05,,Kraken → Coinbase,0.18%
2025-09-16 16:12:56,SNX,0.568,0.567,,Coinbase → Kraken,0.18%
2025-09-16 16:12:56,UNI,7.8,7.73,,Coinbase → Kraken,0.91%
2025-09-16 16:12:56,XTZ,0.644,0.65,,Kraken → Coinbase,0.93%
2025-09-16 16:13:01,1INCH,0.216,0.214,,Coinbase → Kraken,0.93%
2025-09-16 16:13:01,AAVE,245.73,245.44,,Coinbase → Kraken,0.12%
2025-09-16 16:13:01,ALGO,0.1985,0.1973,,Coinbase → Kraken,0.61%
2025-09-16 16:13:01,ANKR,0.01277,0.01268,,Coinbase → Kraken,0.71%
2025-09-16 16:13:01,APE,0.4909,0.49,,Coinbase → Kraken,0.18%
2025-09-16 16:13:01,ATOM,3.76,3.756,,Coinbase → Kraken,0.11%
2025-09-16 16:13:01,AXS,2.047,2.04,,Coinbase → Kraken,0.34%
2025-09-16 16:13:01,BAT,0.13108,0.13151,,Kraken → Coinbase,0.33%
2025-09-16 16:13:01,BCH,498.69,499.2,,Kraken → Coinbase,0.10%
2025-09-16 16:13:01,CHZ,0.03458,0.0349,,Kraken → Coinbase,0.93%
2025-09-16 16:13:01,CRO,0.1912,0.191,,Coinbase → Kraken,0.10%
2025-09-16 16:13:01,ENS,19.44,19.59,,Kraken → Coinbase,0.77%
2025-09-16 16:13:01,ETC,17.02,17.0,,Coinbase → Kraken,0.12%
2025-09-16 16:13:01,FIL,2.044,2.05,,Kraken → Coinbase,0.29%
2025-09-16 16:13:01,GRT,0.07869,0.0785,,Coinbase → Kraken,0.24%
2025-09-16 16:13:01,MANA,0.28629,0.286,,Coinbase → Kraken,0.10%
2025-09-16 16:13:01,MASK,1.052,1.05,,Coinbase → Kraken,0.19%
2025-09-16 16:13:01,MINA,0.1521,0.153,,Kraken → Coinbase,0.59%
2025-09-16 16:13:01,SHIB,1.087e-05,1.089e-05,,Kraken → Coinbase,0.18%
2025-09-16 16:13:01,SNX,0.568,0.567,,Coinbase → Kraken,0.18%
2025-09-16 16:13:01,UNI,7.8,7.73,,Coinbase → Kraken,0.91%
2025-09-16 16:13:01,XTZ,0.644,0.65,,Kraken → Coinbase,0.93%
2025-09-16 16:13:06,1INCH,0.216,0.214,,Coinbase → Kraken,0.93%
2025-09-16 16:13:06,ALGO,0.1985,0.1973,,Coinbase → Kraken,0.61%
2025-09-16 16:13:06,ANKR,0.01277,0.01268,,Coinbase → Kraken,0.71%
2025-09-16 16:13:06,APE,0.4909,0.49,,Coinbase → Kraken,0.18%
2025-09-16 16:13:06,ATOM,3.76,3.756,,Coinbase → Kraken,0.11%
2025-09-16 16:13:06,AXS,2.047,2.04,,Coinbase → Kraken,0.34%
2025-09-16 16:13:06,BAT,0.13108,0.13151,,Kraken → Coinbase,0.33%
2025-09-16 16:13:06,BCH,498.69,499.2,,Kraken → Coinbase,0.10%
2025-09-16 16:13:06,CHZ,0.03458,0.0349,,Kraken → Coinbase,0.93%
2025-09-16 16:13:06,CRO,0.1912,0.191,,Coinbase → Kraken,0.10%
2025-09-16 16:13:06,DOT,3.5185,3.51,,Coinbase → Kraken,0.24%
2025-09-16 16:13:06,ENS,19.44,19.59,,Kraken → Coinbase,0.77%
2025-09-16 16:13:06,ETC,17.02,17.0,,Coinbase → Kraken,0.12%
2025-09-16 16:13:06,FIL,2.041,2.05,,Kraken → Coinbase,0.44%
2025-09-16 16:13:06,GRT,0.07869,0.0785,,Coinbase → Kraken,0.24%
2025-09-16 16:13:06,LINK,19.57245,19.6,,Kraken → Coinbase,0.14%
2025-09-16 16:13:06,MANA,0.28629,0.286,,Coinbase → Kraken,0.10%
2025-09-16 16:13:06,MASK,1.052,1.05,,Coinbase → Kraken,0.19%
2025-09-16 16:13:06,MINA,0.1521,0.153,,Kraken → Coinbase,0.59%
2025-09-16 16:13:06,SHIB,1.087e-05,1.089e-05,,Kraken → Coinbase,0.18%
2025-09-16 16:13:06,SNX,0.568,0.567,,Coinbase → Kraken,0.18%
2025-09-16 16:13:06,UNI,7.8,7.73,,Coinbase → Kraken,0.91%
2025-09-16 16:13:06,XTZ,0.644,0.65,,Kraken → Coinbase,0.93%
2025-09-16 16:13:11,1INCH,0.216,0.214,,Coinbase → Kraken,0.93%
2025-09-16 16:13:11,AAVE,245.73,245.48,,Coinbase → Kraken,0.10%
2025-09-16 16:13:11,ALGO,0.1985,0.1973,,Coinbase → Kraken,0.61%
2025-09-16 16:13:11,ANKR,0.01277,0.01268,,Coinbase → Kraken,0.71%
2025-09-16 16:13:11,APE,0.4909,0.49,,Coinbase → Kraken,0.18%
2025-09-16 16:13:11,ATOM,3.76,3.756,,Coinbase → Kraken,0.11%
2025-09-16 16:13:11,AXS,2.047,2.04,,Coinbase → Kraken,0.34%
2025-09-16 16:13:11,BAT,0.13108,0.13151,,Kraken → Coinbase,0.33%
2025-09-16 16:13:11,BCH,498.69,499.2,,Kraken → Coinbase,0.10%
2025-09-16 16:13:11,CHZ,0.03458,0.0349,,Kraken → Coinbase,0.93%
2025-09-16 16:13:11,CRO,0.1912,0.191,,Coinbase → Kraken,0.10%
2025-09-16 16:13:11,DOT,3.5185,3.51,,Coinbase → Kraken,0.24%
2025-09-16 16:13:11,ENS,19.44,19.59,,Kraken → Coinbase,0.77%
2025-09-16 16:13:11,ETC,17.02,17.0,,Coinbase → Kraken,0.12%
2025-09-16 16:13:11,FIL,2.041,2.05,,Kraken → Coinbase,0.44%
2025-09-16 16:13:11,GRT,0.07869,0.0785,,Coinbase → Kraken,0.24%
2025-09-16 16:13:11,MANA,0.28629,0.286,,Coinbase → Kraken,0.10%
2025-09-16 16:13:11,MASK,1.052,1.05,,Coinbase → Kraken,0.19%
2025-09-16 16:13:11,MINA,0.1521,0.153,,Kraken → Coinbase,0.59%
2025-09-16 16:13:11,SHIB,1.087e-05,1.089e-05,,Kraken → Coinbase,0.18%
2025-09-16 16:13:11,SNX,0.568,0.567,,Coinbase → Kraken,0.18%
2025-09-16 16:13:11,UNI,7.8,7.73,,Coinbase → Kraken,0.91%
2025-09-16 16:13:11,XTZ,0.6435,0.65,,Kraken → Coinbase,1.01%
2025-09-16 16:13:16,1INCH,0.216,0.214,,Coinbase → Kraken,0.93%
2025-09-16 16:13:16,AAVE,245.73,245.48,,Coinbase → Kraken,0.10%
2025-09-16 16:13:16,ALGO,0.1985,0.1973,,Coinbase → Kraken,0.61%
2025-09-16 16:13:16,ANKR,0.01277,0.01268,,Coinbase → Kraken,0.71%
2025-09-16 16:13:16,APE,0.4909,0.49,,Coinbase → Kraken,0.18%
2025-09-16 16:13:16,ATOM,3.76,3.756,,Coinbase → Kraken,0.11%
2025-09-16 16:13:16,AXS,2.047,2.04,,Coinbase → Kraken,0.34%
2025-09-16 16:13:16,BAT,0.13108,0.13151,,Kraken → Coinbase,0.33%
2025-09-16 16:13:16,BCH,498.69,499.2,,Kraken → Coinbase,0.10%
2025-09-16 16:13:16,CHZ,0.03458,0.0349,,Kraken → Coinbase,0.93%
2025-09-16 16:13:16,CRO,0.1912,0.191,,Coinbase → Kraken,0.10%
2025-09-16 16:13:16,DOT,3.5185,3.51,,Coinbase → Kraken,0.24%
2025-09-16 16:13:16,ENS,19.44,19.59,,Kraken → Coinbase,0.77%
2025-09-16 16:13:16,ETC,17.02,17.0,,Coinbase → Kraken,0.12%
2025-09-16 16:13:16,FIL,2.041,2.05,,Kraken → Coinbase,0.44%
2025-09-16 16:13:16,GRT,0.07869,0.0785,,Coinbase → Kraken,0.24%
2025-09-16 16:13:16,MANA,0.28629,0.286,,Coinbase → Kraken,0.10%
2025-09-16 16:13:16,MASK,1.052,1.05,,Coinbase → Kraken,0.19%
2025-09-16 16:13:16,MINA,0.1521,0.153,,Kraken → Coinbase,0.59%
2025-09-16 16:13:16,SHIB,1.087e-05,1.089e-05,,Kraken → Coinbase,0.18%
2025-09-16 16:13:16,SNX,0.568,0.567,,Coinbase → Kraken,0.18%
2025-09-16 16:13:16,UNI,7.8,7.73,,Coinbase → Kraken,0.91%
2025-09-16 16:13:16,XTZ,0.6435,0.65,,Kraken → Coinbase,1.01%
2025-09-16 16:13:21,1INCH,0.216,0.214,,Coinbase → Kraken,0.93%
2025-09-16 16:13:21,AAVE,245.73,245.48,,Coinbase → Kraken,0.10%
2025-09-16 16:13:21,ALGO,0.1985,0.1973,,Coinbase → Kraken,0.61%
2025-09-16 16:13:21,ANKR,0.01277,0.01268,,Coinbase → Kraken,0.71%
2025-09-16 16:13:21,APE,0.4909,0.49,,Coinbase → Kraken,0.18%
2025-09-16 16:13:21,ATOM,3.76,3.756,,Coinbase → Kraken,0.11%
2025-09-16 16:13:21,AXS,2.047,2.04,,Coinbase → Kraken,0.34%
2025-09-16 16:13:21,BAT,0.13108,0.13151,,Kraken → Coinbase,0.33%
2025-09-16 16:13:21,BCH,498.69,499.2,,Kraken → Coinbase,0.10%
2025-09-16 16:13:21,CHZ,0.03458,0.0349,,Kraken → Coinbase,0.93%
2025-09-16 16:13:21,CRO,0.1912,0.191,,Coinbase → Kraken,0.10%
2025-09-16 16:13:21,DOT,3.5185,3.51,,Coinbase → Kraken,0.24%
2025-09-16 16:13:21,ENS,19.44,19.59,,Kraken → Coinbase,0.77%
2025-09-16 16:13:21,ETC,17.02,17.0,,Coinbase → Kraken,0.12%
2025-09-16 16:13:21,FIL,2.041,2.05,,Kraken → Coinbase,0.44%
2025-09-16 16:13:21,GRT,0.07869,0.0785,,Coinbase → Kraken,0.24%
2025-09-16 16:13:21,MANA,0.28629,0.286,,Coinbase → Kraken,0.10%
2025-09-16 16:13:21,MASK,1.052,1.05,,Coinbase → Kraken,0.19%
2025-09-16 16:13:21,MINA,0.1521,0.153,,Kraken → Coinbase,0.59%
2025-09-16 16:13:21,SHIB,1.087e-05,1.089e-05,,Kraken → Coinbase,0.18%
2025-09-16 16:13:21,SNX,0.568,0.567,,Coinbase → Kraken,0.18%
2025-09-16 16:13:21,UNI,7.8,7.73,,Coinbase → Kraken,0.91%
2025-09-16 16:13:21,XTZ,0.6435,0.65,,Kraken → Coinbase,1.01%
2025-09-16 16:13:26,1INCH,0.216,0.214,,Coinbase → Kraken,0.93%
2025-09-16 16:13:26,AAVE,245.73,245.48,,Coinbase → Kraken,0.10%
2025-09-16 16:13:26,ALGO,0.1985,0.1973,,Coinbase → Kraken,0.61%
2025-09-16 16:13:26,ANKR,0.01277,0.01268,,Coinbase → Kraken,0.71%
2025-09-16 16:13:26,APE,0.4909,0.487,,Coinbase → Kraken,0.80%
2025-09-16 16:13:26,ATOM,3.76,3.756,,Coinbase → Kraken,0.11%
2025-09-16 16:13:26,AXS,2.047,2.04,,Coinbase → Kraken,0.34%
2025-09-16 16:13:26,BAT,0.13108,0.13151,,Kraken → Coinbase,0.33%
2025-09-16 16:13:26,BCH,498.69,499.2,,Kraken → Coinbase,0.10%
2025-09-16 16:13:26,CHZ,0.03458,0.0349,,Kraken → Coinbase,0.93%
2025-09-16 16:13:26,CRO,0.1912,0.191,,Coinbase → Kraken,0.10%
2025-09-16 16:13:26,DOT,3.5185,3.51,,Coinbase → Kraken,0.24%
2025-09-16 16:13:26,ENS,19.44,19.59,,Kraken → Coinbase,0.77%
2025-09-16 16:13:26,ETC,17.02,17.0,,Coinbase → Kraken,0.12%
2025-09-16 16:13:26,FIL,2.041,2.05,,Kraken → Coinbase,0.44%
2025-09-16 16:13:26,GRT,0.07869,0.0785,,Coinbase → Kraken,0.24%
2025-09-16 16:13:26,MANA,0.28629,0.286,,Coinbase → Kraken,0.10%
2025-09-16 16:13:26,MASK,1.052,1.05,,Coinbase → Kraken,0.19%
2025-09-16 16:13:26,MINA,0.1521,0.153,,Kraken → Coinbase,0.59%
2025-09-16 16:13:26,SHIB,1.087e-05,1.089e-05,,Kraken → Coinbase,0.18%
2025-09-16 16:13:26,SNX,0.568,0.567,,Coinbase → Kraken,0.18%
2025-09-16 16:13:26,UNI,7.8,7.73,,Coinbase → Kraken,0.91%
2025-09-16 16:13:26,XTZ,0.6435,0.65,,Kraken → Coinbase,1.01%
2025-09-16 16:13:31,1INCH,0.216,0.214,,Coinbase → Kraken,0.93%
2025-09-16 16:13:31,ALGO,0.1985,0.1973,,Coinbase → Kraken,0.61%
2025-09-16 16:13:31,ANKR,0.01277,0.01268,,Coinbase → Kraken,0.71%
2025-09-16 16:13:31,APE,0.4909,0.487,,Coinbase → Kraken,0.80%
2025-09-16 16:13:31,ATOM,3.76,3.756,,Coinbase → Kraken,0.11%
2025-09-16 16:13:31,AXS,2.047,2.04,,Coinbase → Kraken,0.34%
2025-09-16 16:13:31,BAT,0.13108,0.13151,,Kraken → Coinbase,0.33%
2025-09-16 16:13:31,BCH,498.69,499.2,,Kraken → Coinbase,0.10%
2025-09-16 16:13:31,CHZ,0.03458,0.0349,,Kraken → Coinbase,0.93%
2025-09-16 16:13:31,CRO,0.1912,0.191,,Coinbase → Kraken,0.10%
2025-09-16 16:13:31,DOT,3.5185,3.51,,Coinbase → Kraken,0.24%
2025-09-16 16:13:31,ENS,19.44,19.59,,Kraken → Coinbase,0.77%
2025-09-16 16:13:31,ETC,17.02,17.0,,Coinbase → Kraken,0.12%
2025-09-16 16:13:31,FIL,2.041,2.05,,Kraken → Coinbase,0.44%
2025-09-16 16:13:31,GRT,0.07869,0.0785,,Coinbase → Kraken,0.24%
2025-09-16 16:13:31,MANA,0.28629,0.286,,Coinbase → Kraken,0.10%
2025-09-16 16:13:31,MASK,1.052,1.05,,Coinbase → Kraken,0.19%
2025-09-16 16:13:31,MINA,0.1521,0.153,,Kraken → Coinbase,0.59%
2025-09-16 16:13:31,SHIB,1.087e-05,1.089e-05,,Kraken → Coinbase,0.18%
2025-09-16 16:13:31,SNX,0.568,0.567,,Coinbase → Kraken,0.18%
2025-09-16 16:13:31,UNI,7.8,7.73,,Coinbase → Kraken,0.91%
2025-09-16 16:13:31,XTZ,0.6435,0.65,,Kraken → Coinbase,1.01%
2025-09-16 16:13:36,1INCH,0.216,0.214,,Coinbase → Kraken,0.93%
2025-09-16 16:13:36,ALGO,0.1985,0.1973,,Coinbase → Kraken,0.61%
2025-09-16 16:13:36,ANKR,0.01277,0.01268,,Coinbase → Kraken,0.71%
2025-09-16 16:13:36,APE,0.4909,0.487,,Coinbase → Kraken,0.80%
2025-09-16 16:13:36,ATOM,3.76,3.756,,Coinbase → Kraken,0.11%
2025-09-16 16:13:36,AXS,2.047,2.04,,Coinbase → Kraken,0.34%
2025-09-16 16:13:36,BAT,0.13108,0.13151,,Kraken → Coinbase,0.33%
2025-09-16 16:13:36,BCH,498.69,499.2,,Kraken → Coinbase,0.10%
2025-09-16 16:13:36,CHZ,0.03458,0.0349,,Kraken → Coinbase,0.93%
2025-09-16 16:13:36,CRO,0.1912,0.191,,Coinbase → Kraken,0.10%
2025-09-16 16:13:36,DOT,3.5185,3.51,,Coinbase → Kraken,0.24%
2025-09-16 16:13:36,ENS,19.44,19.59,,Kraken → Coinbase,0.77%
2025-09-16 16:13:36,ETC,17.02,17.0,,Coinbase → Kraken,0.12%
2025-09-16 16:13:36,FIL,2.041,2.05,,Kraken → Coinbase,0.44%
2025-09-16 16:13:36,GRT,0.07869,0.0785,,Coinbase → Kraken,0.24%
2025-09-16 16:13:36,MANA,0.28629,0.286,,Coinbase → Kraken,0.10%
2025-09-16 16:13:36,MASK,1.052,1.05,,Coinbase → Kraken,0.19%
2025-09-16 16:13:36,MINA,0.1521,0.153,,Kraken → Coinbase,0.59%
2025-09-16 16:13:36,SHIB,1.087e-05,1.089e-05,,Kraken → Coinbase,0.18%
2025-09-16 16:13:36,SNX,0.568,0.567,,Coinbase → Kraken,0.18%
2025-09-16 16:13:36,UNI,7.8,7.73,,Coinbase → Kraken,0.91%
2025-09-16 16:13:36,XTZ,0.6435,0.65,,Kraken → Coinbase,1.01%
2025-09-16 16:13:41,1INCH,0.216,0.214,,Coinbase → Kraken,0.93%
2025-09-16 16:13:41,ALGO,0.1985,0.1973,,Coinbase → Kraken,0.61%
2025-09-16 16:13:41,ANKR,0.01277,0.01268,,Coinbase → Kraken,0.71%
2025-09-16 16:13:41,APE,0.4909,0.487,,Coinbase → Kraken,0.80%
2025-09-16 16:13:41,ATOM,3.76,3.756,,Coinbase → Kraken,0.11%
2025-09-16 16:13:41,AXS,2.047,2.04,,Coinbase → Kraken,0.34%
2025-09-16 16:13:41,BAT,0.13108,0.13151,,Kraken → Coinbase,0.33%
2025-09-16 16:13:41,BCH,498.69,499.2,,Kraken → Coinbase,0.10%
2025-09-16 16:13:41,CHZ,0.03458,0.0349,,Kraken → Coinbase,0.93%
2025-09-16 16:13:41,CRO,0.1912,0.191,,Coinbase → Kraken,0.10%
2025-09-16 16:13:41,DOT,3.5185,3.51,,Coinbase → Kraken,0.24%
2025-09-16 16:13:41,ENS,19.44,19.59,,Kraken → Coinbase,0.77%
2025-09-16 16:13:41,ETC,17.02,17.0,,Coinbase → Kraken,0.12%
2025-09-16 16:13:41,FIL,2.041,2.05,,Kraken → Coinbase,0.44%
2025-09-16 16:13:41,GRT,0.07869,0.0785,,Coinbase → Kraken,0.24%
2025-09-16 16:13:41,MANA,0.28629,0.286,,Coinbase → Kraken,0.10%
2025-09-16 16:13:41,MASK,1.052,1.05,,Coinbase → Kraken,0.19%
2025-09-16 16:13:41,MINA,0.1521,0.153,,Kraken → Coinbase,0.59%
2025-09-16 16:13:41,SHIB,1.087e-05,1.089e-05,,Kraken → Coinbase,0.18%
2025-09-16 16:13:41,UNI,7.8,7.73,,Coinbase → Kraken,0.91%
2025-09-16 16:13:41,XTZ,0.6435,0.65,,Kraken → Coinbase,1.01%
2025-09-16 16:13:46,1INCH,0.216,0.214,,Coinbase → Kraken,0.93%
2025-09-16 16:13:46,ALGO,0.1985,0.1973,,Coinbase → Kraken,0.61%
2025-09-16 16:13:46,ANKR,0.01277,0.01268,,Coinbase → Kraken,0.71%
2025-09-16 16:13:46,APE,0.4909,0.487,,Coinbase → Kraken,0.80%
2025-09-16 16:13:46,ATOM,3.76,3.756,,Coinbase → Kraken,0.11%
2025-09-16 16:13:46,AXS,2.047,2.04,,Coinbase → Kraken,0.34%
2025-09-16 16:13:46,BAT,0.13108,0.13151,,Kraken → Coinbase,0.33%
2025-09-16 16:13:46,BCH,498.69,499.2,,Kraken → Coinbase,0.10%
2025-09-16 16:13:46,CHZ,0.03458,0.0349,,Kraken → Coinbase,0.93%
2025-09-16 16:13:46,CRO,0.1912,0.191,,Coinbase → Kraken,0.10%
2025-09-16 16:13:46,DOT,3.515,3.51,,Coinbase → Kraken,0.14%
2025-09-16 16:13:46,ENS,19.44,19.59,,Kraken → Coinbase,0.77%
2025-09-16 16:13:46,ETC,17.02,17.0,,Coinbase → Kraken,0.12%
2025-09-16 16:13:46,FIL,2.041,2.05,,Kraken → Coinbase,0.44%
2025-09-16 16:13:46,GRT,0.07869,0.0785,,Coinbase → Kraken,0.24%
2025-09-16 16:13:46,MANA,0.28629,0.286,,Coinbase → Kraken,0.10%
2025-09-16 16:13:46,MASK,1.052,1.05,,Coinbase → Kraken,0.19%
2025-09-16 16:13:46,MINA,0.1521,0.153,,Kraken → Coinbase,0.59%
2025-09-16 16:13:46,SHIB,1.087e-05,1.089e-05,,Kraken → Coinbase,0.18%
2025-09-16 16:13:46,UNI,7.8,7.73,,Coinbase → Kraken,0.91%
2025-09-16 16:13:46,XTZ,0.6435,0.65,,Kraken → Coinbase,1.01%
2025-09-16 16:13:51,1INCH,0.216,0.214,,Coinbase → Kraken,0.93%
2025-09-16 16:13:51,ALGO,0.1985,0.1973,,Coinbase → Kraken,0.61%
2025-09-16 16:13:51,ANKR,0.01277,0.01268,,Coinbase → Kraken,0.71%
2025-09-16 16:13:51,APE,0.4909,0.487,,Coinbase → Kraken,0.80%
2025-09-16 16:13:51,ATOM,3.76,3.756,,Coinbase → Kraken,0.11%
2025-09-16 16:13:51,AXS,2.047,2.04,,Coinbase → Kraken,0.34%
2025-09-16 16:13:51,BAT,0.13108,0.13151,,Kraken → Coinbase,0.33%
2025-09-16 16:13:51,BCH,498.69,499.2,,Kraken → Coinbase,0.10%
2025-09-16 16:13:51,CHZ,0.03458,0.0349,,Kraken → Coinbase,0.93%
2025-09-16 16:13:51,CRO,0.1912,0.191,,Coinbase → Kraken,0.10%
2025-09-16 16:13:51,DOT,3.515,3.51,,Coinbase → Kraken,0.14%
2025-09-16 16:13:51,ENS,19.44,19.59,,Kraken → Coinbase,0.77%
2025-09-16 16:13:51,ETC,17.02,17.0,,Coinbase → Kraken,0.12%
2025-09-16 16:13:51,FIL,2.041,2.05,,Kraken → Coinbase,0.44%
2025-09-16 16:13:51,GRT,0.07869,0.0785,,Coinbase → Kraken,0.24%
2025-09-16 16:13:51,MANA,0.28629,0.286,,Coinbase → Kraken,0.10%
2025-09-16 16:13:51,MASK,1.052,1.05,,Coinbase → Kraken,0.19%
2025-09-16 16:13:51,MINA,0.1521,0.153,,Kraken → Coinbase,0.59%
2025-09-16 16:13:51,SHIB,1.087e-05,1.089e-05,,Kraken → Coinbase,0.18%
2025-09-16 16:13:51,UNI,7.8,7.73,,Coinbase → Kraken,0.91%
2025-09-16 16:13:51,XTZ,0.6435,0.65,,Kraken → Coinbase,1.01%
2025-09-16 16:13:56,1INCH,0.216,0.214,,Coinbase → Kraken,0.93%
2025-09-16 16:13:56,ALGO,0.1985,0.1973,,Coinbase → Kraken,0.61%
2025-09-16 16:13:56,ANKR,0.01277,0.01268,,Coinbase → Kraken,0.71%
2025-09-16 16:13:56,APE,0.4909,0.487,,Coinbase → Kraken,0.80%
2025-09-16 16:13:56,ATOM,3.76,3.756,,Coinbase → Kraken,0.11%
2025-09-16 16:13:56,AVAX,25.2,25.17,,Coinbase → Kraken,0.12%
2025-09-16 16:13:56,AXS,2.047,2.04,,Coinbase → Kraken,0.34%
2025-09-16 16:13:56,BAT,0.13108,0.13151,,Kraken → Coinbase,0.33%
2025-09-16 16:13:56,BCH,498.69,499.2,,Kraken → Coinbase,0.10%
2025-09-16 16:13:56,CHZ,0.03458,0.0349,,Kraken → Coinbase,0.93%
2025-09-16 16:13:56,CRO,0.1912,0.191,,Coinbase → Kraken,0.10%
2025-09-16 16:13:56,DOT,3.515,3.51,,Coinbase → Kraken,0.14%
2025-09-16 16:13:56,ENS,19.44,19.59,,Kraken → Coinbase,0.77%
2025-09-16 16:13:56,ETC,17.02,17.0,,Coinbase → Kraken,0.12%
2025-09-16 16:13:56,FIL,2.041,2.05,,Kraken → Coinbase,0.44%
2025-09-16 16:13:56,GRT,0.07869,0.0785,,Coinbase → Kraken,0.24%
2025-09-16 16:13:56,MANA,0.28629,0.286,,Coinbase → Kraken,0.10%
2025-09-16 16:13:56,MASK,1.052,1.05,,Coinbase → Kraken,0.19%
2025-09-16 16:13:56,MINA,0.1521,0.153,,Kraken → Coinbase,0.59%
2025-09-16 16:13:56,SHIB,1.087e-05,1.089e-05,,Kraken → Coinbase,0.18%
2025-09-16 16:13:56,UNI,7.8,7.73,,Coinbase → Kraken,0.91%
2025-09-16 16:13:56,XTZ,0.6435,0.65,,Kraken → Coinbase,1.01%
2025-09-16 16:14:01,1INCH,0.216,0.214,,Coinbase → Kraken,0.93%
2025-09-16 16:14:01,ALGO,0.1985,0.1973,,Coinbase → Kraken,0.61%
2025-09-16 16:14:01,ANKR,0.01277,0.01268,,Coinbase → Kraken,0.71%
2025-09-16 16:14:01,APE,0.4909,0.487,,Coinbase → Kraken,0.80%
2025-09-16 16:14:01,ATOM,3.76,3.756,,Coinbase → Kraken,0.11%
2025-09-16 16:14:01,AVAX,25.2,25.17,,Coinbase → Kraken,0.12%
2025-09-16 16:14:01,AXS,2.047,2.04,,Coinbase → Kraken,0.34%
2025-09-16 16:14:01,BAT,0.13108,0.13151,,Kraken → Coinbase,0.33%
2025-09-16 16:14:01,BCH,498.69,499.2,,Kraken → Coinbase,0.10%
2025-09-16 16:14:01,CHZ,0.03458,0.0349,,Kraken → Coinbase,0.93%
2025-09-16 16:14:01,CRO,0.1912,0.191,,Coinbase → Kraken,0.10%
2025-09-16 16:14:01,DOT,3.515,3.51,,Coinbase → Kraken,0.14%
2025-09-16 16:14:01,ENS,19.44,19.59,,Kraken → Coinbase,0.77%
2025-09-16 16:14:01,ETC,17.02,17.0,,Coinbase → Kraken,0.12%
2025-09-16 16:14:01,FIL,2.041,2.05,,Kraken → Coinbase,0.44%
2025-09-16 16:14:01,GRT,0.07869,0.0785,,Coinbase → Kraken,0.24%
2025-09-16 16:14:01,MANA,0.28629,0.286,,Coinbase → Kraken,0.10%
2025-09-16 16:14:01,MASK,1.052,1.05,,Coinbase → Kraken,0.19%
2025-09-16 16:14:01,MINA,0.1521,0.153,,Kraken → Coinbase,0.59%
2025-09-16 16:14:01,SHIB,1.087e-05,1.089e-05,,Kraken → Coinbase,0.18%
2025-09-16 16:14:01,UNI,7.8,7.73,,Coinbase → Kraken,0.91%
2025-09-16 16:14:01,XTZ,0.6435,0.65,,Kraken → Coinbase,1.01%
2025-09-16 16:14:06,1INCH,0.216,0.214,,Coinbase → Kraken,0.93%
2025-09-16 16:14:06,ADA,0.725481,0.7245,,Coinbase → Kraken,0.14%
2025-09-16 16:14:06,ALGO,0.1985,0.1973,,Coinbase → Kraken,0.61%
2025-09-16 16:14:06,ANKR,0.01277,0.01268,,Coinbase → Kraken,0.71%
2025-09-16 16:14:06,APE,0.4909,0.487,,Coinbase → Kraken,0.80%
2025-09-16 16:14:06,ATOM,3.76,3.756,,Coinbase → Kraken,0.11%
2025-09-16 16:14:06,AVAX,25.22,25.17,,Coinbase → Kraken,0.20%
2025-09-16 16:14:06,AXS,2.047,2.04,,Coinbase → Kraken,0.34%
2025-09-16 16:14:06,BAT,0.13108,0.13151,,Kraken → Coinbase,0.33%
2025-09-16 16:14:06,BCH,498.69,499.2,,Kraken → Coinbase,0.10%
2025-09-16 16:14:06,CHZ,0.03458,0.0349,,Kraken → Coinbase,0.93%
2025-09-16 16:14:06,CRO,0.1912,0.191,,Coinbase → Kraken,0.10%
2025-09-16 16:14:06,DOT,3.515,3.51,,Coinbase → Kraken,0.14%
2025-09-16 16:14:06,ENS,19.44,19.59,,Kraken → Coinbase,0.77%
2025-09-16 16:14:06,ETC,17.02,17.0,,Coinbase → Kraken,0.12%
2025-09-16 16:14:06,FIL,2.041,2.05,,Kraken → Coinbase,0.44%
2025-09-16 16:14:06,GRT,0.07869,0.0785,,Coinbase → Kraken,0.24%
2025-09-16 16:14:06,MANA,0.28629,0.286,,Coinbase → Kraken,0.10%
2025-09-16 16:14:06,MASK,1.052,1.05,,Coinbase → Kraken,0.19%
2025-09-16 16:14:06,MINA,0.1521,0.153,,Kraken → Coinbase,0.59%
2025-09-16 16:14:06,SHIB,1.087e-05,1.089e-05,,Kraken → Coinbase,0.18%
2025-09-16 16:14:06,UNI,7.8,7.73,,Coinbase → Kraken,0.91%
2025-09-16 16:14:06,XTZ,0.6435,0.65,,Kraken → Coinbase,1.01%
2025-09-16 16:14:11,1INCH,0.216,0.214,,Coinbase → Kraken,0.93%
2025-09-16 16:14:11,ADA,0.725481,0.7245,,Coinbase → Kraken,0.14%
2025-09-16 16:14:11,ALGO,0.1985,0.1973,,Coinbase → Kraken,0.61%
2025-09-16 16:14:11,ANKR,0.01277,0.01268,,Coinbase → Kraken,0.71%
2025-09-16 16:14:11,APE,0.4909,0.487,,Coinbase → Kraken,0.80%
2025-09-16 16:14:11,ATOM,3.76,3.756,,Coinbase → Kraken,0.11%
2025-09-16 16:14:11,AVAX,25.22,25.17,,Coinbase → Kraken,0.20%
2025-09-16 16:14:11,AXS,2.047,2.04,,Coinbase → Kraken,0.34%
2025-09-16 16:14:11,BAT,0.13108,0.13151,,Kraken → Coinbase,0.33%
2025-09-16 16:14:11,BCH,498.69,499.2,,Kraken → Coinbase,0.10%
2025-09-16 16:14:11,CHZ,0.03458,0.0349,,Kraken → Coinbase,0.93%
2025-09-16 16:14:11,CRO,0.1912,0.191,,Coinbase → Kraken,0.10%
2025-09-16 16:14:11,DOT,3.515,3.51,,Coinbase → Kraken,0.14%
2025-09-16 16:14:11,ENS,19.44,19.59,,Kraken → Coinbase,0.77%
2025-09-16 16:14:11,ETC,17.02,17.0,,Coinbase → Kraken,0.12%
2025-09-16 16:14:11,FIL,2.041,2.05,,Kraken → Coinbase,0.44%
2025-09-16 16:14:11,GRT,0.07869,0.0785,,Coinbase → Kraken,0.24%
2025-09-16 16:14:11,MANA,0.28629,0.286,,Coinbase → Kraken,0.10%
2025-09-16 16:14:11,MASK,1.052,1.05,,Coinbase → Kraken,0.19%
2025-09-16 16:14:11,MINA,0.1521,0.153,,Kraken → Coinbase,0.59%
2025-09-16 16:14:11,SHIB,1.087e-05,1.089e-05,,Kraken → Coinbase,0.18%
2025-09-16 16:14:11,UNI,7.8,7.73,,Coinbase → Kraken,0.91%
2025-09-16 16:14:11,XLM,0.325005,0.325568,,Kraken → Coinbase,0.17%
2025-09-16 16:14:11,XTZ,0.6435,0.65,,Kraken → Coinbase,1.01%
2025-09-16 16:14:16,1INCH,0.216,0.214,,Coinbase → Kraken,0.93%
2025-09-16 16:14:16,ADA,0.725296,0.7245,,Coinbase → Kraken,0.11%
2025-09-16 16:14:16,ALGO,0.1985,0.1973,,Coinbase → Kraken,0.61%
2025-09-16 16:14:16,ANKR,0.01277,0.01268,,Coinbase → Kraken,0.71%
2025-09-16 16:14:16,APE,0.4909,0.487,,Coinbase → Kraken,0.80%
2025-09-16 16:14:16,ATOM,3.76,3.756,,Coinbase → Kraken,0.11%
2025-09-16 16:14:16,AXS,2.047,2.04,,Coinbase → Kraken,0.34%
2025-09-16 16:14:16,BAT,0.13108,0.13151,,Kraken → Coinbase,0.33%
2025-09-16 16:14:16,BCH,498.69,499.2,,Kraken → Coinbase,0.10%
2025-09-16 16:14:16,CHZ,0.03458,0.0349,,Kraken → Coinbase,0.93%
2025-09-16 16:14:16,CRO,0.1912,0.191,,Coinbase → Kraken,0.10%
2025-09-16 16:14:16,DOT,3.515,3.51,,Coinbase → Kraken,0.14%
2025-09-16 16:14:16,ENS,19.44,19.59,,Kraken → Coinbase,0.77%
2025-09-16 16:14:16,ETC,17.02,17.0,,Coinbase → Kraken,0.12%
2025-09-16 16:14:16,FIL,2.041,2.05,,Kraken → Coinbase,0.44%
2025-09-16 16:14:16,GRT,0.07869,0.0785,,Coinbase → Kraken,0.24%
2025-09-16 16:14:16,MANA,0.28629,0.286,,Coinbase → Kraken,0.10%
2025-09-16 16:14:16,MASK,1.052,1.05,,Coinbase → Kraken,0.19%
2025-09-16 16:14:16,MINA,0.1521,0.153,,Kraken → Coinbase,0.59%
2025-09-16 16:14:16,SHIB,1.087e-05,1.089e-05,,Kraken → Coinbase,0.18%
2025-09-16 16:14:16,UNI,7.8,7.73,,Coinbase → Kraken,0.91%
2025-09-16 16:14:16,XLM,0.325005,0.325568,,Kraken → Coinbase,0.17%
2025-09-16 16:14:16,XTZ,0.6435,0.65,,Kraken → Coinbase,1.01%
2025-09-16 16:14:21,1INCH,0.216,0.214,,Coinbase → Kraken,0.93%
2025-09-16 16:14:21,ADA,0.725296,0.7245,,Coinbase → Kraken,0.11%
2025-09-16 16:14:21,ALGO,0.1985,0.1973,,Coinbase → Kraken,0.61%
2025-09-16 16:14:21,ANKR,0.01277,0.01268,,Coinbase → Kraken,0.71%
2025-09-16 16:14:21,APE,0.4909,0.487,,Coinbase → Kraken,0.80%
2025-09-16 16:14:21,ATOM,3.76,3.756,,Coinbase → Kraken,0.11%
2025-09-16 16:14:21,AXS,2.047,2.04,,Coinbase → Kraken,0.34%
2025-09-16 16:14:21,BAT,0.13108,0.13151,,Kraken → Coinbase,0.33%
2025-09-16 16:14:21,BCH,498.69,499.2,,Kraken → Coinbase,0.10%
2025-09-16 16:14:21,CHZ,0.03458,0.0349,,Kraken → Coinbase,0.93%
2025-09-16 16:14:21,CRO,0.1912,0.191,,Coinbase → Kraken,0.10%
2025-09-16 16:14:21,DOT,3.515,3.51,,Coinbase → Kraken,0.14%
2025-09-16 16:14:21,ENS,19.44,19.59,,Kraken → Coinbase,0.77%
2025-09-16 16:14:21,ETC,17.02,17.0,,Coinbase → Kraken,0.12%
2025-09-16 16:14:21,FIL,2.041,2.05,,Kraken → Coinbase,0.44%
2025-09-16 16:14:21,GRT,0.07869,0.0785,,Coinbase → Kraken,0.24%
2025-09-16 16:14:21,MANA,0.28629,0.286,,Coinbase → Kraken,0.10%
2025-09-16 16:14:21,MASK,1.052,1.05,,Coinbase → Kraken,0.19%
2025-09-16 16:14:21,MINA,0.1521,0.153,,Kraken → Coinbase,0.59%
2025-09-16 16:14:21,SHIB,1.087e-05,1.089e-05,,Kraken → Coinbase,0.18%
2025-09-16 16:14:21,UNI,7.8,7.73,,Coinbase → Kraken,0.91%
2025-09-16 16:14:21,XLM,0.325005,0.325568,,Kraken → Coinbase,0.17%
2025-09-16 16:14:21,XTZ,0.6435,0.65,,Kraken → Coinbase,1.01%
2025-09-16 16:14:26,1INCH,0.216,0.214,,Coinbase → Kraken,0.93%
2025-09-16 16:14:26,AAVE,245.94,245.57,,Coinbase → Kraken,0.15%
2025-09-16 16:14:26,ADA,0.725296,0.7245,,Coinbase → Kraken,0.11%
2025-09-16 16:14:26,ALGO,0.1985,0.1973,,Coinbase → Kraken,0.61%
2025-09-16 16:14:26,ANKR,0.01277,0.01268,,Coinbase → Kraken,0.71%
2025-09-16 16:14:26,APE,0.4909,0.487,,Coinbase → Kraken,0.80%
2025-09-16 16:14:26,ATOM,3.76,3.756,,Coinbase → Kraken,0.11%
2025-09-16 16:14:26,AXS,2.047,2.04,,Coinbase → Kraken,0.34%
2025-09-16 16:14:26,BAT,0.13108,0.13151,,Kraken → Coinbase,0.33%
2025-09-16 16:14:26,BCH,498.69,499.2,,Kraken → Coinbase,0.10%
2025-09-16 16:14:26,CHZ,0.03458,0.0349,,Kraken → Coinbase,0.93%
2025-09-16 16:14:26,CRO,0.1912,0.191,,Coinbase → Kraken,0.10%
2025-09-16 16:14:26,DOT,3.515,3.52,,Kraken → Coinbase,0.14%
2025-09-16 16:14:26,ENS,19.44,19.59,,Kraken → Coinbase,0.77%
2025-09-16 16:14:26,ETC,17.02,17.0,,Coinbase → Kraken,0.12%
2025-09-16 16:14:26,FIL,2.041,2.05,,Kraken → Coinbase,0.44%
2025-09-16 16:14:26,GRT,0.07869,0.0785,,Coinbase → Kraken,0.24%
2025-09-16 16:14:26,MANA,0.28629,0.286,,Coinbase → Kraken,0.10%
2025-09-16 16:14:26,MASK,1.052,1.05,,Coinbase → Kraken,0.19%
2025-09-16 16:14:26,MINA,0.1521,0.153,,Kraken → Coinbase,0.59%
2025-09-16 16:14:26,SHIB,1.087e-05,1.089e-05,,Kraken → Coinbase,0.18%
2025-09-16 16:14:26,UNI,7.8,7.73,,Coinbase → Kraken,0.91%
2025-09-16 16:14:26,XLM,0.325005,0.325568,,Kraken → Coinbase,0.17%
2025-09-16 16:14:26,XTZ,0.6435,0.65,,Kraken → Coinbase,1.01%
2025-09-16 16:14:31,1INCH,0.216,0.214,,Coinbase → Kraken,0.93%
2025-09-16 16:14:31,AAVE,245.94,245.57,,Coinbase → Kraken,0.15%
2025-09-16 16:14:31,ADA,0.725296,0.7245,,Coinbase → Kraken,0.11%
2025-09-16 16:14:31,ALGO,0.1985,0.1973,,Coinbase → Kraken,0.61%
2025-09-16 16:14:31,ANKR,0.01277,0.01268,,Coinbase → Kraken,0.71%
2025-09-16 16:14:31,APE,0.4909,0.487,,Coinbase → Kraken,0.80%
2025-09-16 16:14:31,ATOM,3.76,3.756,,Coinbase → Kraken,0.11%
2025-09-16 16:14:31,AXS,2.047,2.04,,Coinbase → Kraken,0.34%
2025-09-16 16:14:31,BAT,0.13108,0.13151,,Kraken → Coinbase,0.33%
2025-09-16 16:14:31,BCH,498.69,499.2,,Kraken → Coinbase,0.10%
2025-09-16 16:14:31,CHZ,0.03458,0.0349,,Kraken → Coinbase,0.93%
2025-09-16 16:14:31,CRO,0.1912,0.191,,Coinbase → Kraken,0.10%
2025-09-16 16:14:31,DOT,3.515,3.52,,Kraken → Coinbase,0.14%
2025-09-16 16:14:31,ENS,19.44,19.59,,Kraken → Coinbase,0.77%
2025-09-16 16:14:31,ETC,17.02,17.0,,Coinbase → Kraken,0.12%
2025-09-16 16:14:31,FIL,2.041,2.05,,Kraken → Coinbase,0.44%
2025-09-16 16:14:31,GRT,0.07869,0.0785,,Coinbase → Kraken,0.24%
2025-09-16 16:14:31,MANA,0.28629,0.286,,Coinbase → Kraken,0.10%
2025-09-16 16:14:31,MASK,1.052,1.05,,Coinbase → Kraken,0.19%
2025-09-16 16:14:31,MINA,0.1521,0.153,,Kraken → Coinbase,0.59%
2025-09-16 16:14:31,SHIB,1.087e-05,1.089e-05,,Kraken → Coinbase,0.18%
2025-09-16 16:14:31,UNI,7.8,7.73,,Coinbase → Kraken,0.91%
2025-09-16 16:14:31,XLM,0.325005,0.325568,,Kraken → Coinbase,0.17%
2025-09-16 16:14:31,XTZ,0.6435,0.65,,Kraken → Coinbase,1.01%
2025-09-16 16:14:36,1INCH,0.216,0.214,,Coinbase → Kraken,0.93%
2025-09-16 16:14:36,ADA,0.726,0.7245,,Coinbase → Kraken,0.21%
2025-09-16 16:14:36,ALGO,0.1985,0.1973,,Coinbase → Kraken,0.61%
2025-09-16 16:14:36,ANKR,0.01277,0.01268,,Coinbase → Kraken,0.71%
2025-09-16 16:14:36,APE,0.4909,0.487,,Coinbase → Kraken,0.80%
2025-09-16 16:14:36,ATOM,3.76,3.756,,Coinbase → Kraken,0.11%
2025-09-16 16:14:36,AXS,2.047,2.04,,Coinbase → Kraken,0.34%
2025-09-16 16:14:36,BAT,0.13108,0.13151,,Kraken → Coinbase,0.33%
2025-09-16 16:14:36,BCH,498.69,499.2,,Kraken → Coinbase,0.10%
2025-09-16 16:14:36,CHZ,0.03458,0.0349,,Kraken → Coinbase,0.93%
2025-09-16 16:14:36,CRO,0.1912,0.191,,Coinbase → Kraken,0.10%
2025-09-16 16:14:36,DOT,3.515,3.52,,Kraken → Coinbase,0.14%
2025-09-16 16:14:36,ENS,19.44,19.59,,Kraken → Coinbase,0.77%
2025-09-16 16:14:36,ETC,17.02,17.0,,Coinbase → Kraken,0.12%
2025-09-16 16:14:36,FIL,2.041,2.05,,Kraken → Coinbase,0.44%
2025-09-16 16:14:36,GRT,0.07869,0.0785,,Coinbase → Kraken,0.24%
2025-09-16 16:14:36,MANA,0.28629,0.286,,Coinbase → Kraken,0.10%
2025-09-16 16:14:36,MASK,1.052,1.05,,Coinbase → Kraken,0.19%
2025-09-16 16:14:36,MINA,0.1521,0.153,,Kraken → Coinbase,0.59%
2025-09-16 16:14:36,SHIB,1.087e-05,1.089e-05,,Kraken → Coinbase,0.18%
2025-09-16 16:14:36,SNX,0.568,0.567,,Coinbase → Kraken,0.18%
2025-09-16 16:14:36,UNI,7.8,7.73,,Coinbase → Kraken,0.91%
2025-09-16 16:14:36,XTZ,0.644,0.65,,Kraken → Coinbase,0.93%
2025-09-16 16:14:41,1INCH,0.216,0.214,,Coinbase → Kraken,0.93%
2025-09-16 16:14:41,ADA,0.726,0.7245,,Coinbase → Kraken,0.21%
2025-09-16 16:14:41,ALGO,0.1985,0.1973,,Coinbase → Kraken,0.61%
2025-09-16 16:14:41,ANKR,0.01277,0.01268,,Coinbase → Kraken,0.71%
2025-09-16 16:14:41,APE,0.4909,0.487,,Coinbase → Kraken,0.80%
2025-09-16 16:14:41,ATOM,3.76,3.756,,Coinbase → Kraken,0.11%
2025-09-16 16:14:41,AVAX,25.22,25.25,,Kraken → Coinbase,0.12%
2025-09-16 16:14:41,AXS,2.047,2.04,,Coinbase → Kraken,0.34%
2025-09-16 16:14:41,BAT,0.13108,0.13151,,Kraken → Coinbase,0.33%
2025-09-16 16:14:41,BCH,498.69,499.2,,Kraken → Coinbase,0.10%
2025-09-16 16:14:41,CHZ,0.03458,0.0349,,Kraken → Coinbase,0.93%
2025-09-16 16:14:41,CRO,0.1912,0.191,,Coinbase → Kraken,0.10%
2025-09-16 16:14:41,DOT,3.515,3.52,,Kraken → Coinbase,0.14%
2025-09-16 16:14:41,ENS,19.44,19.59,,Kraken → Coinbase,0.77%
2025-09-16 16:14:41,ETC,17.02,17.0,,Coinbase → Kraken,0.12%
2025-09-16 16:14:41,FIL,2.041,2.05,,Kraken → Coinbase,0.44%
2025-09-16 16:14:41,GRT,0.07869,0.0785,,Coinbase → Kraken,0.24%
2025-09-16 16:14:41,MANA,0.28629,0.286,,Coinbase → Kraken,0.10%
2025-09-16 16:14:41,MASK,1.052,1.05,,Coinbase → Kraken,0.19%
2025-09-16 16:14:41,MINA,0.1521,0.153,,Kraken → Coinbase,0.59%
2025-09-16 16:14:41,SHIB,1.087e-05,1.089e-05,,Kraken → Coinbase,0.18%
2025-09-16 16:14:41,SNX,0.568,0.567,,Coinbase → Kraken,0.18%
2025-09-16 16:14:41,UNI,7.8,7.73,,Coinbase → Kraken,0.91%
2025-09-16 16:14:41,XTZ,0.644,0.65,,Kraken → Coinbase,0.93%
2025-09-16 16:14:46,1INCH,0.216,0.214,,Coinbase → Kraken,0.93%
2025-09-16 16:14:46,ADA,0.726,0.7245,,Coinbase → Kraken,0.21%
2025-09-16 16:14:46,ALGO,0.1985,0.1978,,Coinbase → Kraken,0.35%
2025-09-16 16:14:46,ANKR,0.01277,0.01268,,Coinbase → Kraken,0.71%
2025-09-16 16:14:46,APE,0.4909,0.487,,Coinbase → Kraken,0.80%
2025-09-16 16:14:46,ATOM,3.76,3.756,,Coinbase → Kraken,0.11%
2025-09-16 16:14:46,AVAX,25.22,25.25,,Kraken → Coinbase,0.12%
2025-09-16 16:14:46,AXS,2.047,2.04,,Coinbase → Kraken,0.34%
2025-09-16 16:14:46,BAT,0.13108,0.13151,,Kraken → Coinbase,0.33%
2025-09-16 16:14:46,BCH,498.69,499.2,,Kraken → Coinbase,0.10%
2025-09-16 16:14:46,CHZ,0.03458,0.0349,,Kraken → Coinbase,0.93%
2025-09-16 16:14:46,CRO,0.1912,0.191,,Coinbase → Kraken,0.10%
2025-09-16 16:14:46,DOT,3.515,3.52,,Kraken → Coinbase,0.14%
2025-09-16 16:14:46,ENS,19.44,19.59,,Kraken → Coinbase,0.77%
2025-09-16 16:14:46,ETC,17.02,17.0,,Coinbase → Kraken,0.12%
2025-09-16 16:14:46,FIL,2.041,2.05,,Kraken → Coinbase,0.44%
2025-09-16 16:14:46,GRT,0.07869,0.0785,,Coinbase → Kraken,0.24%
2025-09-16 16:14:46,MANA,0.28629,0.286,,Coinbase → Kraken,0.10%
2025-09-16 16:14:46,MASK,1.052,1.05,,Coinbase → Kraken,0.19%
2025-09-16 16:14:46,MINA,0.1521,0.153,,Kraken → Coinbase,0.59%
2025-09-16 16:14:46,SHIB,1.087e-05,1.089e-05,,Kraken → Coinbase,0.18%
2025-09-16 16:14:46,SNX,0.568,0.567,,Coinbase → Kraken,0.18%
2025-09-16 16:14:46,UNI,7.8,7.73,,Coinbase → Kraken,0.91%
2025-09-16 16:14:46,XTZ,0.644,0.65,,Kraken → Coinbase,0.93%
2025-09-16 16:14:51,1INCH,0.216,0.214,,Coinbase → Kraken,0.93%
2025-09-16 16:14:51,ADA,0.726,0.7245,,Coinbase → Kraken,0.21%
2025-09-16 16:14:51,ALGO,0.1985,0.1978,,Coinbase → Kraken,0.35%
2025-09-16 16:14:51,ANKR,0.01277,0.01268,,Coinbase → Kraken,0.71%
2025-09-16 16:14:51,APE,0.4909,0.487,,Coinbase → Kraken,0.80%
2025-09-16 16:14:51,ATOM,3.76,3.756,,Coinbase → Kraken,0.11%
2025-09-16 16:14:51,AVAX,25.22,25.25,,Kraken → Coinbase,0.12%
2025-09-16 16:14:51,AXS,2.047,2.04,,Coinbase → Kraken,0.34%
2025-09-16 16:14:51,BAT,0.13108,0.13151,,Kraken → Coinbase,0.33%
2025-09-16 16:14:51,BCH,498.69,499.2,,Kraken → Coinbase,0.10%
2025-09-16 16:14:51,CHZ,0.03458,0.0349,,Kraken → Coinbase,0.93%
2025-09-16 16:14:51,CRO,0.1912,0.191,,Coinbase → Kraken,0.10%
2025-09-16 16:14:51,DOT,3.515,3.52,,Kraken → Coinbase,0.14%
2025-09-16 16:14:51,ENS,19.44,19.59,,Kraken → Coinbase,0.77%
2025-09-16 16:14:51,ETC,17.02,17.0,,Coinbase → Kraken,0.12%
2025-09-16 16:14:51,FIL,2.041,2.05,,Kraken → Coinbase,0.44%
2025-09-16 16:14:51,GRT,0.07869,0.0785,,Coinbase → Kraken,0.24%
2025-09-16 16:14:51,MANA,0.28629,0.286,,Coinbase → Kraken,0.10%
2025-09-16 16:14:51,MASK,1.052,1.05,,Coinbase → Kraken,0.19%
2025-09-16 16:14:51,MINA,0.1521,0.153,,Kraken → Coinbase,0.59%
2025-09-16 16:14:51,SHIB,1.087e-05,1.091e-05,,Kraken → Coinbase,0.37%
2025-09-16 16:14:51,SNX,0.568,0.567,,Coinbase → Kraken,0.18%
2025-09-16 16:14:51,UNI,7.8,7.73,,Coinbase → Kraken,0.91%
2025-09-16 16:14:51,XTZ,0.644,0.65,,Kraken → Coinbase,0.93%
2025-09-16 16:14:56,1INCH,0.216,0.214,,Coinbase → Kraken,0.93%
2025-09-16 16:14:56,ADA,0.726,0.7245,,Coinbase → Kraken,0.21%
2025-09-16 16:14:56,ALGO,0.1985,0.1978,,Coinbase → Kraken,0.35%
2025-09-16 16:14:56,ANKR,0.01277,0.01268,,Coinbase → Kraken,0.71%
2025-09-16 16:14:56,APE,0.4909,0.487,,Coinbase → Kraken,0.80%
2025-09-16 16:14:56,ATOM,3.76,3.756,,Coinbase → Kraken,0.11%
2025-09-16 16:14:56,AVAX,25.22,25.26,,Kraken → Coinbase,0.16%
2025-09-16 16:14:56,AXS,2.047,2.04,,Coinbase → Kraken,0.34%
2025-09-16 16:14:56,BAT,0.13108,0.13151,,Kraken → Coinbase,0.33%
2025-09-16 16:14:56,BCH,498.69,499.2,,Kraken → Coinbase,0.10%
2025-09-16 16:14:56,CHZ,0.03458,0.0349,,Kraken → Coinbase,0.93%
2025-09-16 16:14:56,CRO,0.1912,0.191,,Coinbase → Kraken,0.10%
2025-09-16 16:14:56,DOT,3.515,3.52,,Kraken → Coinbase,0.14%
2025-09-16 16:14:56,ENS,19.44,19.59,,Kraken → Coinbase,0.77%
2025-09-16 16:14:56,ETC,17.02,17.0,,Coinbase → Kraken,0.12%
2025-09-16 16:14:56,FIL,2.041,2.05,,Kraken → Coinbase,0.44%
2025-09-16 16:14:56,GRT,0.07869,0.0785,,Coinbase → Kraken,0.24%
2025-09-16 16:14:56,LTC,96.04,95.94,,Coinbase → Kraken,0.10%
2025-09-16 16:14:56,MANA,0.28629,0.286,,Coinbase → Kraken,0.10%
2025-09-16 16:14:56,MASK,1.052,1.05,,Coinbase → Kraken,0.19%
2025-09-16 16:14:56,MINA,0.1521,0.153,,Kraken → Coinbase,0.59%
2025-09-16 16:14:56,SHIB,1.087e-05,1.091e-05,,Kraken → Coinbase,0.37%
2025-09-16 16:14:56,SNX,0.568,0.567,,Coinbase → Kraken,0.18%
2025-09-16 16:14:56,UNI,7.8,7.73,,Coinbase → Kraken,0.91%
2025-09-16 16:14:56,XTZ,0.644,0.65,,Kraken → Coinbase,0.93%
2025-09-16 16:15:01,1INCH,0.216,0.214,,Coinbase → Kraken,0.93%
2025-09-16 16:15:01,ADA,0.726,0.7245,,Coinbase → Kraken,0.21%
2025-09-16 16:15:01,ALGO,0.1985,0.1978,,Coinbase → Kraken,0.35%
2025-09-16 16:15:01,ANKR,0.01277,0.01268,,Coinbase → Kraken,0.71%
2025-09-16 16:15:01,APE,0.4909,0.487,,Coinbase → Kraken,0.80%
2025-09-16 16:15:01,ATOM,3.76,3.756,,Coinbase → Kraken,0.11%
2025-09-16 16:15:01,AVAX,25.22,25.26,,Kraken → Coinbase,0.16%
2025-09-16 16:15:01,AXS,2.047,2.04,,Coinbase → Kraken,0.34%
2025-09-16 16:15:01,BAT,0.13108,0.13151,,Kraken → Coinbase,0.33%
2025-09-16 16:15:01,BCH,498.69,499.2,,Kraken → Coinbase,0.10%
2025-09-16 16:15:01,CHZ,0.03458,0.0349,,Kraken → Coinbase,0.93%
2025-09-16 16:15:01,CRO,0.1912,0.191,,Coinbase → Kraken,0.10%
2025-09-16 16:15:01,DOT,3.515,3.52,,Kraken → Coinbase,0.14%
2025-09-16 16:15:01,ENS,19.44,19.59,,Kraken → Coinbase,0.77%
2025-09-16 16:15:01,ETC,17.052,17.0,,Coinbase → Kraken,0.31%
2025-09-16 16:15:01,FIL,2.041,2.05,,Kraken → Coinbase,0.44%
2025-09-16 16:15:01,GRT,0.07869,0.0785,,Coinbase → Kraken,0.24%
2025-09-16 16:15:01,MANA,0.28629,0.286,,Coinbase → Kraken,0.10%
2025-09-16 16:15:01,MASK,1.052,1.05,,Coinbase → Kraken,0.19%
2025-09-16 16:15:01,MINA,0.1521,0.153,,Kraken → Coinbase,0.59%
2025-09-16 16:15:01,SHIB,1.087e-05,1.091e-05,,Kraken → Coinbase,0.37%
2025-09-16 16:15:01,SNX,0.568,0.567,,Coinbase → Kraken,0.18%
2025-09-16 16:15:01,UNI,7.8,7.73,,Coinbase → Kraken,0.91%
2025-09-16 16:15:01,XTZ,0.644,0.65,,Kraken → Coinbase,0.93%
2025-09-16 16:15:06,1INCH,0.216,0.214,,Coinbase → Kraken,0.93%
2025-09-16 16:15:06,ADA,0.726955,0.7245,,Coinbase → Kraken,0.34%
2025-09-16 16:15:06,ALGO,0.1985,0.1978,,Coinbase → Kraken,0.35%
2025-09-16 16:15:06,ANKR,0.01277,0.01268,,Coinbase → Kraken,0.71%
2025-09-16 16:15:06,APE,0.4909,0.487,,Coinbase → Kraken,0.80%
2025-09-16 16:15:06,ATOM,3.76,3.756,,Coinbase → Kraken,0.11%
2025-09-16 16:15:06,AVAX,25.22,25.26,,Kraken → Coinbase,0.16%
2025-09-16 16:15:06,AXS,2.047,2.04,,Coinbase → Kraken,0.34%
2025-09-16 16:15:06,BAT,0.13108,0.13151,,Kraken → Coinbase,0.33%
2025-09-16 16:15:06,BCH,498.69,499.2,,Kraken → Coinbase,0.10%
2025-09-16 16:15:06,CHZ,0.03458,0.0349,,Kraken → Coinbase,0.93%
2025-09-16 16:15:06,CRO,0.1912,0.191,,Coinbase → Kraken,0.10%
2025-09-16 16:15:06,ENS,19.44,19.59,,Kraken → Coinbase,0.77%
2025-09-16 16:15:06,ETC,17.052,17.0,,Coinbase → Kraken,0.31%
2025-09-16 16:15:06,FIL,2.041,2.05,,Kraken → Coinbase,0.44%
2025-09-16 16:15:06,GRT,0.07869,0.0785,,Coinbase → Kraken,0.24%
2025-09-16 16:15:06,MANA,0.28629,0.286,,Coinbase → Kraken,0.10%
2025-09-16 16:15:06,MASK,1.052,1.05,,Coinbase → Kraken,0.19%
2025-09-16 16:15:06,MINA,0.1521,0.153,,Kraken → Coinbase,0.59%
2025-09-16 16:15:06,SHIB,1.087e-05,1.091e-05,,Kraken → Coinbase,0.37%
2025-09-16 16:15:06,SNX,0.568,0.567,,Coinbase → Kraken,0.18%
2025-09-16 16:15:06,UNI,7.8,7.73,,Coinbase → Kraken,0.91%
2025-09-16 16:15:06,XTZ,0.644,0.65,,Kraken → Coinbase,0.93%
2025-09-16 16:15:11,1INCH,0.216,0.214,,Coinbase → Kraken,0.93%
2025-09-16 16:15:11,ADA,0.726955,0.7245,,Coinbase → Kraken,0.34%
2025-09-16 16:15:11,ALGO,0.1985,0.1978,,Coinbase → Kraken,0.35%
2025-09-16 16:15:11,ANKR,0.01277,0.01268,,Coinbase → Kraken,0.71%
2025-09-16 16:15:11,APE,0.4909,0.487,,Coinbase → Kraken,0.80%
2025-09-16 16:15:11,ATOM,3.76,3.756,,Coinbase → Kraken,0.11%
2025-09-16 16:15:11,AXS,2.047,2.04,,Coinbase → Kraken,0.34%
2025-09-16 16:15:11,BAT,0.13108,0.13151,,Kraken → Coinbase,0.33%
2025-09-16 16:15:11,BCH,498.69,499.2,,Kraken → Coinbase,0.10%
2025-09-16 16:15:11,CHZ,0.03458,0.0349,,Kraken → Coinbase,0.93%
2025-09-16 16:15:11,CRO,0.1912,0.191,,Coinbase → Kraken,0.10%
2025-09-16 16:15:11,ENS,19.44,19.59,,Kraken → Coinbase,0.77%
2025-09-16 16:15:11,ETC,17.052,17.0,,Coinbase → Kraken,0.31%
2025-09-16 16:15:11,FIL,2.041,2.05,,Kraken → Coinbase,0.44%
2025-09-16 16:15:11,GRT,0.07869,0.0785,,Coinbase → Kraken,0.24%
2025-09-16 16:15:11,MANA,0.28629,0.286,,Coinbase → Kraken,0.10%
2025-09-16 16:15:11,MASK,1.052,1.05,,Coinbase → Kraken,0.19%
2025-09-16 16:15:11,MINA,0.1521,0.153,,Kraken → Coinbase,0.59%
2025-09-16 16:15:11,SHIB,1.087e-05,1.091e-05,,Kraken → Coinbase,0.37%
2025-09-16 16:15:11,SNX,0.568,0.567,,Coinbase → Kraken,0.18%
2025-09-16 16:15:11,UNI,7.8,7.73,,Coinbase → Kraken,0.91%
2025-09-16 16:15:11,XTZ,0.644,0.65,,Kraken → Coinbase,0.93%
2025-09-16 16:15:16,1INCH,0.216,0.214,,Coinbase → Kraken,0.93%
2025-09-16 16:15:16,ADA,0.726955,0.7245,,Coinbase → Kraken,0.34%
2025-09-16 16:15:16,ALGO,0.1985,0.1978,,Coinbase → Kraken,0.35%
2025-09-16 16:15:16,ANKR,0.01277,0.01268,,Coinbase → Kraken,0.71%
2025-09-16 16:15:16,APE,0.4909,0.487,,Coinbase → Kraken,0.80%
2025-09-16 16:15:16,ATOM,3.76,3.756,,Coinbase → Kraken,0.11%
2025-09-16 16:15:16,AXS,2.047,2.04,,Coinbase → Kraken,0.34%
2025-09-16 16:15:16,BAT,0.13108,0.13151,,Kraken → Coinbase,0.33%
2025-09-16 16:15:16,BCH,498.69,499.2,,Kraken → Coinbase,0.10%
2025-09-16 16:15:16,CHZ,0.03458,0.0349,,Kraken → Coinbase,0.93%
2025-09-16 16:15:16,CRO,0.1912,0.191,,Coinbase → Kraken,0.10%
2025-09-16 16:15:16,ENS,19.44,19.59,,Kraken → Coinbase,0.77%
2025-09-16 16:15:16,ETC,17.052,17.0,,Coinbase → Kraken,0.31%
2025-09-16 16:15:16,FIL,2.041,2.05,,Kraken → Coinbase,0.44%
2025-09-16 16:15:16,GRT,0.07869,0.0785,,Coinbase → Kraken,0.24%
2025-09-16 16:15:16,MANA,0.28629,0.286,,Coinbase → Kraken,0.10%
2025-09-16 16:15:16,MASK,1.052,1.05,,Coinbase → Kraken,0.19%
2025-09-16 16:15:16,MINA,0.1521,0.153,,Kraken → Coinbase,0.59%
2025-09-16 16:15:16,SHIB,1.087e-05,1.091e-05,,Kraken → Coinbase,0.37%
2025-09-16 16:15:16,SNX,0.568,0.567,,Coinbase → Kraken,0.18%
2025-09-16 16:15:16,UNI,7.8,7.73,,Coinbase → Kraken,0.91%
2025-09-16 16:15:16,XTZ,0.644,0.65,,Kraken → Coinbase,0.93%
2025-09-16 16:15:21,1INCH,0.216,0.214,,Coinbase → Kraken,0.93%
2025-09-16 16:15:21,ADA,0.726955,0.7245,,Coinbase → Kraken,0.34%
2025-09-16 16:15:21,ALGO,0.1985,0.1978,,Coinbase → Kraken,0.35%
2025-09-16 16:15:21,ANKR,0.01277,0.01268,,Coinbase → Kraken,0.71%
2025-09-16 16:15:21,APE,0.4909,0.487,,Coinbase → Kraken,0.80%
2025-09-16 16:15:21,ATOM,3.76,3.756,,Coinbase → Kraken,0.11%
2025-09-16 16:15:21,AXS,2.047,2.04,,Coinbase → Kraken,0.34%
2025-09-16 16:15:21,BAT,0.13108,0.13151,,Kraken → Coinbase,0.33%
2025-09-16 16:15:21,BCH,498.69,499.2,,Kraken → Coinbase,0.10%
2025-09-16 16:15:21,CHZ,0.03458,0.0349,,Kraken → Coinbase,0.93%
2025-09-16 16:15:21,CRO,0.1912,0.191,,Coinbase → Kraken,0.10%
2025-09-16 16:15:21,ENS,19.44,19.59,,Kraken → Coinbase,0.77%
2025-09-16 16:15:21,ETC,17.052,17.0,,Coinbase → Kraken,0.31%
2025-09-16 16:15:21,FIL,2.041,2.05,,Kraken → Coinbase,0.44%
2025-09-16 16:15:21,GRT,0.07869,0.0785,,Coinbase → Kraken,0.24%
2025-09-16 16:15:21,MANA,0.28629,0.286,,Coinbase → Kraken,0.10%
2025-09-16 16:15:21,MASK,1.052,1.05,,Coinbase → Kraken,0.19%
2025-09-16 16:15:21,MINA,0.1521,0.153,,Kraken → Coinbase,0.59%
2025-09-16 16:15:21,SHIB,1.087e-05,1.091e-05,,Kraken → Coinbase,0.37%
2025-09-16 16:15:21,SNX,0.568,0.567,,Coinbase → Kraken,0.18%
2025-09-16 16:15:21,UNI,7.8,7.73,,Coinbase → Kraken,0.91%
2025-09-16 16:15:21,XTZ,0.644,0.65,,Kraken → Coinbase,0.93%
2025-09-16 16:15:26,1INCH,0.216,0.214,,Coinbase → Kraken,0.93%
2025-09-16 16:15:26,ADA,0.726955,0.7245,,Coinbase → Kraken,0.34%
2025-09-16 16:15:26,ALGO,0.1985,0.1978,,Coinbase → Kraken,0.35%
2025-09-16 16:15:26,ANKR,0.01277,0.01268,,Coinbase → Kraken,0.71%
2025-09-16 16:15:26,APE,0.4909,0.488,,Coinbase → Kraken,0.59%
2025-09-16 16:15:26,ATOM,3.76,3.756,,Coinbase → Kraken,0.11%
2025-09-16 16:15:26,AXS,2.047,2.04,,Coinbase → Kraken,0.34%
2025-09-16 16:15:26,BAT,0.13108,0.13151,,Kraken → Coinbase,0.33%
2025-09-16 16:15:26,BCH,498.69,499.2,,Kraken → Coinbase,0.10%
2025-09-16 16:15:26,CHZ,0.03458,0.0349,,Kraken → Coinbase,0.93%
2025-09-16 16:15:26,CRO,0.1912,0.191,,Coinbase → Kraken,0.10%
2025-09-16 16:15:26,ENS,19.44,19.59,,Kraken → Coinbase,0.77%
2025-09-16 16:15:26,ETC,17.052,17.0,,Coinbase → Kraken,0.31%
2025-09-16 16:15:26,FIL,2.041,2.05,,Kraken → Coinbase,0.44%
2025-09-16 16:15:26,GRT,0.07869,0.0785,,Coinbase → Kraken,0.24%
2025-09-16 16:15:26,MANA,0.28629,0.286,,Coinbase → Kraken,0.10%
2025-09-16 16:15:26,MASK,1.052,1.05,,Coinbase → Kraken,0.19%
2025-09-16 16:15:26,MINA,0.1521,0.153,,Kraken → Coinbase,0.59%
2025-09-16 16:15:26,SHIB,1.087e-05,1.091e-05,,Kraken → Coinbase,0.37%
2025-09-16 16:15:26,SNX,0.568,0.567,,Coinbase → Kraken,0.18%
2025-09-16 16:15:26,UNI,7.743,7.73,,Coinbase → Kraken,0.17%
2025-09-16 16:15:26,XTZ,0.644,0.65,,Kraken → Coinbase,0.93%
2025-09-16 16:15:31,1INCH,0.216,0.214,,Coinbase → Kraken,0.93%
2025-09-16 16:15:31,AAVE,245.94,246.36,,Kraken → Coinbase,0.17%
2025-09-16 16:15:31,ADA,0.726955,0.7245,,Coinbase → Kraken,0.34%
2025-09-16 16:15:31,ALGO,0.1985,0.1978,,Coinbase → Kraken,0.35%
2025-09-16 16:15:31,ANKR,0.01277,0.01268,,Coinbase → Kraken,0.71%
2025-09-16 16:15:31,APE,0.4909,0.488,,Coinbase → Kraken,0.59%
2025-09-16 16:15:31,ATOM,3.76,3.756,,Coinbase → Kraken,0.11%
2025-09-16 16:15:31,AXS,2.047,2.04,,Coinbase → Kraken,0.34%
2025-09-16 16:15:31,BAT,0.13108,0.13151,,Kraken → Coinbase,0.33%
2025-09-16 16:15:31,BCH,498.69,499.2,,Kraken → Coinbase,0.10%
2025-09-16 16:15:31,CHZ,0.03458,0.0349,,Kraken → Coinbase,0.93%
2025-09-16 16:15:31,CRO,0.1912,0.191,,Coinbase → Kraken,0.10%
2025-09-16 16:15:31,ENS,19.44,19.59,,Kraken → Coinbase,0.77%
2025-09-16 16:15:31,ETC,17.052,17.0,,Coinbase → Kraken,0.31%
2025-09-16 16:15:31,FIL,2.041,2.05,,Kraken → Coinbase,0.44%
2025-09-16 16:15:31,GRT,0.07869,0.0785,,Coinbase → Kraken,0.24%
2025-09-16 16:15:31,MANA,0.28629,0.286,,Coinbase → Kraken,0.10%
2025-09-16 16:15:31,MASK,1.052,1.05,,Coinbase → Kraken,0.19%
2025-09-16 16:15:31,MINA,0.1521,0.153,,Kraken → Coinbase,0.59%
2025-09-16 16:15:31,SHIB,1.087e-05,1.091e-05,,Kraken → Coinbase,0.37%
2025-09-16 16:15:31,SNX,0.568,0.567,,Coinbase → Kraken,0.18%
2025-09-16 16:15:31,UNI,7.743,7.73,,Coinbase → Kraken,0.17%
2025-09-16 16:15:31,XTZ,0.644,0.65,,Kraken → Coinbase,0.93%
2025-09-16 16:15:36,1INCH,0.216,0.214,,Coinbase → Kraken,0.93%
2025-09-16 16:15:36,AAVE,245.94,246.36,,Kraken → Coinbase,0.17%
2025-09-16 16:15:36,ADA,0.726955,0.7245,,Coinbase → Kraken,0.34%
2025-09-16 16:15:36,ALGO,0.1985,0.1978,,Coinbase → Kraken,0.35%
2025-09-16 16:15:36,ANKR,0.01277,0.01268,,Coinbase → Kraken,0.71%
2025-09-16 16:15:36,APE,0.4909,0.488,,Coinbase → Kraken,0.59%
2025-09-16 16:15:36,ATOM,3.76,3.756,,Coinbase → Kraken,0.11%
2025-09-16 16:15:36,AXS,2.047,2.04,,Coinbase → Kraken,0.34%
2025-09-16 16:15:36,BAT,0.13108,0.13151,,Kraken → Coinbase,0.33%
2025-09-16 16:15:36,BCH,498.69,499.2,,Kraken → Coinbase,0.10%
2025-09-16 16:15:36,CHZ,0.03458,0.0349,,Kraken → Coinbase,0.93%
2025-09-16 16:15:36,CRO,0.1912,0.191,,Coinbase → Kraken,0.10%
2025-09-16 16:15:36,ENS,19.44,19.59,,Kraken → Coinbase,0.77%
2025-09-16 16:15:36,ETC,17.052,17.0,,Coinbase → Kraken,0.31%
2025-09-16 16:15:36,FIL,2.041,2.05,,Kraken → Coinbase,0.44%
2025-09-16 16:15:36,GRT,0.07869,0.0785,,Coinbase → Kraken,0.24%
2025-09-16 16:15:36,MANA,0.28629,0.286,,Coinbase → Kraken,0.10%
2025-09-16 16:15:36,MASK,1.052,1.05,,Coinbase → Kraken,0.19%
2025-09-16 16:15:36,MINA,0.1521,0.153,,Kraken → Coinbase,0.59%
2025-09-16 16:15:36,SHIB,1.087e-05,1.091e-05,,Kraken → Coinbase,0.37%
2025-09-16 16:15:36,SNX,0.568,0.567,,Coinbase → Kraken,0.18%
2025-09-16 16:15:36,UNI,7.743,7.73,,Coinbase → Kraken,0.17%
2025-09-16 16:15:36,XTZ,0.644,0.65,,Kraken → Coinbase,0.93%
2025-09-16 16:15:41,1INCH,0.216,0.214,,Coinbase → Kraken,0.93%
2025-09-16 16:15:41,AAVE,245.94,246.32,,Kraken → Coinbase,0.15%
2025-09-16 16:15:41,ALGO,0.1985,0.1978,,Coinbase → Kraken,0.35%
2025-09-16 16:15:41,ANKR,0.01277,0.01268,,Coinbase → Kraken,0.71%
2025-09-16 16:15:41,APE,0.4909,0.488,,Coinbase → Kraken,0.59%
2025-09-16 16:15:41,ATOM,3.76,3.756,,Coinbase → Kraken,0.11%
2025-09-16 16:15:41,AXS,2.047,2.04,,Coinbase → Kraken,0.34%
2025-09-16 16:15:41,BAT,0.13108,0.13151,,Kraken → Coinbase,0.33%
2025-09-16 16:15:41,BCH,498.69,499.2,,Kraken → Coinbase,0.10%
2025-09-16 16:15:41,CHZ,0.03458,0.0349,,Kraken → Coinbase,0.93%
2025-09-16 16:15:41,CRO,0.1912,0.191,,Coinbase → Kraken,0.10%
2025-09-16 16:15:41,ENS,19.44,19.59,,Kraken → Coinbase,0.77%
2025-09-16 16:15:41,ETC,17.052,17.0,,Coinbase → Kraken,0.31%
2025-09-16 16:15:41,FIL,2.041,2.05,,Kraken → Coinbase,0.44%
2025-09-16 16:15:41,GRT,0.07869,0.0785,,Coinbase → Kraken,0.24%
2025-09-16 16:15:41,MANA,0.28629,0.286,,Coinbase → Kraken,0.10%
2025-09-16 16:15:41,MASK,1.052,1.05,,Coinbase → Kraken,0.19%
2025-09-16 16:15:41,MINA,0.1521,0.153,,Kraken → Coinbase,0.59%
2025-09-16 16:15:41,SHIB,1.087e-05,1.091e-05,,Kraken → Coinbase,0.37%
2025-09-16 16:15:41,SNX,0.568,0.567,,Coinbase → Kraken,0.18%
2025-09-16 16:15:41,UNI,7.748,7.73,,Coinbase → Kraken,0.23%
2025-09-16 16:15:41,XTZ,0.644,0.65,,Kraken → Coinbase,0.93%
2025-09-16 16:15:46,1INCH,0.216,0.214,,Coinbase → Kraken,0.93%
2025-09-16 16:15:46,AAVE,245.94,246.32,,Kraken → Coinbase,0.15%
2025-09-16 16:15:46,ALGO,0.1985,0.1978,,Coinbase → Kraken,0.35%
2025-09-16 16:15:46,ANKR,0.01277,0.01268,,Coinbase → Kraken,0.71%
2025-09-16 16:15:46,APE,0.4909,0.488,,Coinbase → Kraken,0.59%
2025-09-16 16:15:46,ATOM,3.76,3.756,,Coinbase → Kraken,0.11%
2025-09-16 16:15:46,AXS,2.047,2.04,,Coinbase → Kraken,0.34%
2025-09-16 16:15:46,BAT,0.13108,0.13151,,Kraken → Coinbase,0.33%
2025-09-16 16:15:46,BCH,498.69,499.2,,Kraken → Coinbase,0.10%
2025-09-16 16:15:46,CHZ,0.03458,0.0349,,Kraken → Coinbase,0.93%
2025-09-16 16:15:46,CRO,0.1912,0.191,,Coinbase → Kraken,0.10%
2025-09-16 16:15:46,ENS,19.44,19.59,,Kraken → Coinbase,0.77%
2025-09-16 16:15:46,ETC,17.052,17.0,,Coinbase → Kraken,0.31%
2025-09-16 16:15:46,FIL,2.041,2.05,,Kraken → Coinbase,0.44%
2025-09-16 16:15:46,GRT,0.07869,0.0785,,Coinbase → Kraken,0.24%
2025-09-16 16:15:46,MANA,0.28629,0.286,,Coinbase → Kraken,0.10%
2025-09-16 16:15:46,MASK,1.052,1.05,,Coinbase → Kraken,0.19%
2025-09-16 16:15:46,MINA,0.1521,0.153,,Kraken → Coinbase,0.59%
2025-09-16 16:15:46,SHIB,1.087e-05,1.091e-05,,Kraken → Coinbase,0.37%
2025-09-16 16:15:46,SNX,0.568,0.567,,Coinbase → Kraken,0.18%
2025-09-16 16:15:46,UNI,7.748,7.73,,Coinbase → Kraken,0.23%
2025-09-16 16:15:46,XTZ,0.644,0.65,,Kraken → Coinbase,0.93%
2025-09-16 16:15:51,1INCH,0.216,0.214,,Coinbase → Kraken,0.93%
2025-09-16 16:15:51,AAVE,245.94,246.28,,Kraken → Coinbase,0.14%
2025-09-16 16:15:51,ALGO,0.1985,0.1978,,Coinbase → Kraken,0.35%
2025-09-16 16:15:51,ANKR,0.01277,0.01268,,Coinbase → Kraken,0.71%
2025-09-16 16:15:51,APE,0.4909,0.488,,Coinbase → Kraken,0.59%
2025-09-16 16:15:51,ATOM,3.76,3.756,,Coinbase → Kraken,0.11%
2025-09-16 16:15:51,AXS,2.047,2.04,,Coinbase → Kraken,0.34%
2025-09-16 16:15:51,BAT,0.13108,0.13151,,Kraken → Coinbase,0.33%
2025-09-16 16:15:51,BCH,498.69,499.2,,Kraken → Coinbase,0.10%
2025-09-16 16:15:51,CHZ,0.03458,0.0349,,Kraken → Coinbase,0.93%
2025-09-16 16:15:51,CRO,0.1912,0.191,,Coinbase → Kraken,0.10%
2025-09-16 16:15:51,ENS,19.44,19.59,,Kraken → Coinbase,0.77%
2025-09-16 16:15:51,ETC,17.052,17.0,,Coinbase → Kraken,0.31%
2025-09-16 16:15:51,FIL,2.041,2.05,,Kraken → Coinbase,0.44%
2025-09-16 16:15:51,GRT,0.07869,0.0785,,Coinbase → Kraken,0.24%
2025-09-16 16:15:51,MANA,0.28629,0.286,,Coinbase → Kraken,0.10%
2025-09-16 16:15:51,MASK,1.052,1.05,,Coinbase → Kraken,0.19%
2025-09-16 16:15:51,MINA,0.1521,0.153,,Kraken → Coinbase,0.59%
2025-09-16 16:15:51,SHIB,1.087e-05,1.091e-05,,Kraken → Coinbase,0.37%
2025-09-16 16:15:51,SNX,0.568,0.567,,Coinbase → Kraken,0.18%
2025-09-16 16:15:51,XTZ,0.644,0.65,,Kraken → Coinbase,0.93%
2025-09-16 16:15:56,1INCH,0.216,0.214,,Coinbase → Kraken,0.93%
2025-09-16 16:15:56,AAVE,245.94,246.29,,Kraken → Coinbase,0.14%
2025-09-16 16:15:56,ALGO,0.1985,0.1978,,Coinbase → Kraken,0.35%
2025-09-16 16:15:56,ANKR,0.01277,0.01268,,Coinbase → Kraken,0.71%
2025-09-16 16:15:56,APE,0.4909,0.488,,Coinbase → Kraken,0.59%
2025-09-16 16:15:56,ATOM,3.76,3.756,,Coinbase → Kraken,0.11%
2025-09-16 16:15:56,AXS,2.047,2.04,,Coinbase → Kraken,0.34%
2025-09-16 16:15:56,BAT,0.13108,0.13151,,Kraken → Coinbase,0.33%
2025-09-16 16:15:56,BCH,498.69,499.2,,Kraken → Coinbase,0.10%
2025-09-16 16:15:56,CHZ,0.03458,0.0349,,Kraken → Coinbase,0.93%
2025-09-16 16:15:56,CRO,0.1912,0.191,,Coinbase → Kraken,0.10%
2025-09-16 16:15:56,ENS,19.44,19.59,,Kraken → Coinbase,0.77%
2025-09-16 16:15:56,ETC,17.052,17.0,,Coinbase → Kraken,0.31%
2025-09-16 16:15:56,FIL,2.041,2.05,,Kraken → Coinbase,0.44%
2025-09-16 16:15:56,GRT,0.07869,0.0785,,Coinbase → Kraken,0.24%
2025-09-16 16:15:56,MANA,0.28629,0.286,,Coinbase → Kraken,0.10%
2025-09-16 16:15:56,MASK,1.052,1.05,,Coinbase → Kraken,0.19%
2025-09-16 16:15:56,MINA,0.1521,0.153,,Kraken → Coinbase,0.59%
2025-09-16 16:15:56,SHIB,1.087e-05,1.091e-05,,Kraken → Coinbase,0.37%
2025-09-16 16:15:56,SNX,0.569,0.567,,Coinbase → Kraken,0.35%
2025-09-16 16:15:56,XTZ,0.644,0.65,,Kraken → Coinbase,0.93%
2025-09-16 16:16:01,1INCH,0.216,0.214,,Coinbase → Kraken,0.93%
2025-09-16 16:16:01,AAVE,245.94,246.29,,Kraken → Coinbase,0.14%
2025-09-16 16:16:01,ALGO,0.1985,0.1978,,Coinbase → Kraken,0.35%
2025-09-16 16:16:01,ANKR,0.01277,0.01268,,Coinbase → Kraken,0.71%
2025-09-16 16:16:01,APE,0.4909,0.488,,Coinbase → Kraken,0.59%
2025-09-16 16:16:01,ATOM,3.76,3.756,,Coinbase → Kraken,0.11%
2025-09-16 16:16:01,AXS,2.047,2.04,,Coinbase → Kraken,0.34%
2025-09-16 16:16:01,BAT,0.13108,0.13151,,Kraken → Coinbase,0.33%
2025-09-16 16:16:01,BCH,498.69,499.2,,Kraken → Coinbase,0.10%
2025-09-16 16:16:01,CHZ,0.03458,0.0349,,Kraken → Coinbase,0.93%
2025-09-16 16:16:01,CRO,0.1912,0.191,,Coinbase → Kraken,0.10%
2025-09-16 16:16:01,ENS,19.44,19.59,,Kraken → Coinbase,0.77%
2025-09-16 16:16:01,ETC,17.052,17.0,,Coinbase → Kraken,0.31%
2025-09-16 16:16:01,FIL,2.041,2.05,,Kraken → Coinbase,0.44%
2025-09-16 16:16:01,GRT,0.07869,0.0785,,Coinbase → Kraken,0.24%
2025-09-16 16:16:01,MANA,0.28629,0.285,,Coinbase → Kraken,0.45%
2025-09-16 16:16:01,MASK,1.052,1.05,,Coinbase → Kraken,0.19%
2025-09-16 16:16:01,MINA,0.1521,0.153,,Kraken → Coinbase,0.59%
2025-09-16 16:16:01,SHIB,1.087e-05,1.091e-05,,Kraken → Coinbase,0.37%
2025-09-16 16:16:01,SNX,0.569,0.567,,Coinbase → Kraken,0.35%
2025-09-16 16:16:01,XTZ,0.644,0.65,,Kraken → Coinbase,0.93%
2025-09-16 16:16:06,1INCH,0.216,0.214,,Coinbase → Kraken,0.93%
2025-09-16 16:16:06,AAVE,245.94,246.28,,Kraken → Coinbase,0.14%
2025-09-16 16:16:06,ALGO,0.1985,0.1978,,Coinbase → Kraken,0.35%
2025-09-16 16:16:06,ANKR,0.01277,0.01268,,Coinbase → Kraken,0.71%
2025-09-16 16:16:06,APE,0.4909,0.488,,Coinbase → Kraken,0.59%
2025-09-16 16:16:06,ATOM,3.76,3.756,,Coinbase → Kraken,0.11%
2025-09-16 16:16:06,AXS,2.047,2.04,,Coinbase → Kraken,0.34%
2025-09-16 16:16:06,BAT,0.13108,0.13151,,Kraken → Coinbase,0.33%
2025-09-16 16:16:06,BCH,498.69,499.2,,Kraken → Coinbase,0.10%
2025-09-16 16:16:06,CHZ,0.03458,0.0349,,Kraken → Coinbase,0.93%
2025-09-16 16:16:06,CRO,0.1912,0.191,,Coinbase → Kraken,0.10%
2025-09-16 16:16:06,ENS,19.44,19.59,,Kraken → Coinbase,0.77%
2025-09-16 16:16:06,ETC,17.052,17.0,,Coinbase → Kraken,0.31%
2025-09-16 16:16:06,FIL,2.041,2.05,,Kraken → Coinbase,0.44%
2025-09-16 16:16:06,GRT,0.07869,0.0785,,Coinbase → Kraken,0.24%
2025-09-16 16:16:06,MANA,0.28629,0.285,,Coinbase → Kraken,0.45%
2025-09-16 16:16:06,MASK,1.052,1.05,,Coinbase → Kraken,0.19%
2025-09-16 16:16:06,MINA,0.1521,0.153,,Kraken → Coinbase,0.59%
2025-09-16 16:16:06,SHIB,1.087e-05,1.091e-05,,Kraken → Coinbase,0.37%
2025-09-16 16:16:06,SNX,0.569,0.567,,Coinbase → Kraken,0.35%
2025-09-16 16:16:06,XTZ,0.644,0.65,,Kraken → Coinbase,0.93%
2025-09-16 16:16:11,1INCH,0.216,0.214,,Coinbase → Kraken,0.93%
2025-09-16 16:16:11,AAVE,245.94,246.33,,Kraken → Coinbase,0.16%
2025-09-16 16:16:11,ALGO,0.1985,0.1978,,Coinbase → Kraken,0.35%
2025-09-16 16:16:11,ANKR,0.01277,0.01268,,Coinbase → Kraken,0.71%
2025-09-16 16:16:11,APE,0.4909,0.488,,Coinbase → Kraken,0.59%
2025-09-16 16:16:11,ATOM,3.76,3.756,,Coinbase → Kraken,0.11%
2025-09-16 16:16:11,AVAX,25.22,25.25,,Kraken → Coinbase,0.12%
2025-09-16 16:16:11,AXS,2.047,2.04,,Coinbase → Kraken,0.34%
2025-09-16 16:16:11,BAT,0.13108,0.13151,,Kraken → Coinbase,0.33%
2025-09-16 16:16:11,BCH,498.69,499.2,,Kraken → Coinbase,0.10%
2025-09-16 16:16:11,CHZ,0.03458,0.0349,,Kraken → Coinbase,0.93%
2025-09-16 16:16:11,CRO,0.1912,0.191,,Coinbase → Kraken,0.10%
2025-09-16 16:16:11,ENS,19.44,19.59,,Kraken → Coinbase,0.77%
2025-09-16 16:16:11,ETC,17.052,17.0,,Coinbase → Kraken,0.31%
2025-09-16 16:16:11,ETH,3748.65,3753.38,,Kraken → Coinbase,0.13%
2025-09-16 16:16:11,FIL,2.041,2.05,,Kraken → Coinbase,0.44%
2025-09-16 16:16:11,GRT,0.07869,0.0785,,Coinbase → Kraken,0.24%
2025-09-16 16:16:11,MANA,0.28629,0.285,,Coinbase → Kraken,0.45%
2025-09-16 16:16:11,MASK,1.052,1.05,,Coinbase → Kraken,0.19%
2025-09-16 16:16:11,MINA,0.1521,0.153,,Kraken → Coinbase,0.59%
2025-09-16 16:16:11,SHIB,1.087e-05,1.091e-05,,Kraken → Coinbase,0.37%
2025-09-16 16:16:11,SNX,0.569,0.567,,Coinbase → Kraken,0.35%
2025-09-16 16:16:11,XTZ,0.644,0.65,,Kraken → Coinbase,0.93%
2025-09-16 16:16:16,1INCH,0.216,0.214,,Coinbase → Kraken,0.93%
2025-09-16 16:16:16,AAVE,245.94,246.33,,Kraken → Coinbase,0.16%
2025-09-16 16:16:16,ALGO,0.1985,0.1978,,Coinbase → Kraken,0.35%
2025-09-16 16:16:16,ANKR,0.01277,0.01268,,Coinbase → Kraken,0.71%
2025-09-16 16:16:16,APE,0.4909,0.488,,Coinbase → Kraken,0.59%
2025-09-16 16:16:16,ATOM,3.76,3.756,,Coinbase → Kraken,0.11%
2025-09-16 16:16:16,AXS,2.047,2.04,,Coinbase → Kraken,0.34%
2025-09-16 16:16:16,BAT,0.13108,0.13151,,Kraken → Coinbase,0.33%
2025-09-16 16:16:16,BCH,498.69,499.2,,Kraken → Coinbase,0.10%
2025-09-16 16:16:16,CHZ,0.03458,0.0349,,Kraken → Coinbase,0.93%
2025-09-16 16:16:16,CRO,0.1912,0.191,,Coinbase → Kraken,0.10%
2025-09-16 16:16:16,ENS,19.44,19.59,,Kraken → Coinbase,0.77%
2025-09-16 16:16:16,ETC,17.052,17.0,,Coinbase → Kraken,0.31%
2025-09-16 16:16:16,FIL,2.041,2.05,,Kraken → Coinbase,0.44%
2025-09-16 16:16:16,GRT,0.07869,0.0785,,Coinbase → Kraken,0.24%
2025-09-16 16:16:16,MANA,0.28629,0.285,,Coinbase → Kraken,0.45%
2025-09-16 16:16:16,MASK,1.052,1.05,,Coinbase → Kraken,0.19%
2025-09-16 16:16:16,MINA,0.1521,0.153,,Kraken → Coinbase,0.59%
2025-09-16 16:16:16,SHIB,1.087e-05,1.091e-05,,Kraken → Coinbase,0.37%
2025-09-16 16:16:16,SNX,0.569,0.567,,Coinbase → Kraken,0.35%
2025-09-16 16:16:16,XTZ,0.644,0.65,,Kraken → Coinbase,0.93%
2025-09-16 16:16:21,1INCH,0.216,0.214,,Coinbase → Kraken,0.93%
2025-09-16 16:16:22,ALGO,0.1985,0.1978,,Coinbase → Kraken,0.35%
2025-09-16 16:16:22,ANKR,0.01277,0.01268,,Coinbase → Kraken,0.71%
2025-09-16 16:16:22,APE,0.4909,0.488,,Coinbase → Kraken,0.59%
2025-09-16 16:16:22,ATOM,3.76,3.756,,Coinbase → Kraken,0.11%
2025-09-16 16:16:22,AVAX,25.22,25.25,,Kraken → Coinbase,0.12%
2025-09-16 16:16:22,AXS,2.047,2.04,,Coinbase → Kraken,0.34%
2025-09-16 16:16:22,BAT,0.13108,0.13151,,Kraken → Coinbase,0.33%
2025-09-16 16:16:22,BCH,498.69,499.2,,Kraken → Coinbase,0.10%
2025-09-16 16:16:22,CHZ,0.03458,0.0349,,Kraken → Coinbase,0.93%
2025-09-16 16:16:22,CRO,0.1912,0.191,,Coinbase → Kraken,0.10%
2025-09-16 16:16:22,ENS,19.44,19.59,,Kraken → Coinbase,0.77%
2025-09-16 16:16:22,ETC,17.052,17.0,,Coinbase → Kraken,0.31%
2025-09-16 16:16:22,FIL,2.041,2.05,,Kraken → Coinbase,0.44%
2025-09-16 16:16:22,GRT,0.07869,0.0785,,Coinbase → Kraken,0.24%
2025-09-16 16:16:22,ICP,3.932,3.937,,Kraken → Coinbase,0.13%
2025-09-16 16:16:22,MANA,0.28629,0.285,,Coinbase → Kraken,0.45%
2025-09-16 16:16:22,MASK,1.052,1.05,,Coinbase → Kraken,0.19%
2025-09-16 16:16:22,MINA,0.1521,0.153,,Kraken → Coinbase,0.59%
2025-09-16 16:16:22,SHIB,1.087e-05,1.091e-05,,Kraken → Coinbase,0.37%
2025-09-16 16:16:22,SNX,0.569,0.567,,Coinbase → Kraken,0.35%
2025-09-16 16:16:22,UNI,7.725,7.71,,Coinbase → Kraken,0.19%
2025-09-16 16:16:22,XTZ,0.644,0.65,,Kraken → Coinbase,0.93%
2025-09-16 16:16:27,1INCH,0.216,0.214,,Coinbase → Kraken,0.93%
2025-09-16 16:16:27,ALGO,0.1985,0.1978,,Coinbase → Kraken,0.35%
2025-09-16 16:16:27,ANKR,0.01277,0.01268,,Coinbase → Kraken,0.71%
2025-09-16 16:16:27,APE,0.4909,0.488,,Coinbase → Kraken,0.59%
2025-09-16 16:16:27,ATOM,3.76,3.756,,Coinbase → Kraken,0.11%
2025-09-16 16:16:27,AVAX,25.22,25.25,,Kraken → Coinbase,0.12%
2025-09-16 16:16:27,AXS,2.047,2.04,,Coinbase → Kraken,0.34%
2025-09-16 16:16:27,BAT,0.13108,0.13151,,Kraken → Coinbase,0.33%
2025-09-16 16:16:27,BCH,498.69,499.2,,Kraken → Coinbase,0.10%
2025-09-16 16:16:27,CHZ,0.03458,0.0349,,Kraken → Coinbase,0.93%
2025-09-16 16:16:27,CRO,0.1912,0.191,,Coinbase → Kraken,0.10%
2025-09-16 16:16:27,ENS,19.44,19.59,,Kraken → Coinbase,0.77%
2025-09-16 16:16:27,ETC,17.052,17.0,,Coinbase → Kraken,0.31%
2025-09-16 16:16:27,FIL,2.041,2.05,,Kraken → Coinbase,0.44%
2025-09-16 16:16:27,GRT,0.07869,0.0785,,Coinbase → Kraken,0.24%
2025-09-16 16:16:27,ICP,3.932,3.937,,Kraken → Coinbase,0.13%
2025-09-16 16:16:27,MANA,0.28629,0.285,,Coinbase → Kraken,0.45%
2025-09-16 16:16:27,MASK,1.052,1.05,,Coinbase → Kraken,0.19%
2025-09-16 16:16:27,MINA,0.1521,0.153,,Kraken → Coinbase,0.59%
2025-09-16 16:16:27,SHIB,1.087e-05,1.091e-05,,Kraken → Coinbase,0.37%
2025-09-16 16:16:27,SNX,0.569,0.567,,Coinbase → Kraken,0.35%
2025-09-16 16:16:27,UNI,7.725,7.71,,Coinbase → Kraken,0.19%
2025-09-16 16:16:27,XTZ,0.644,0.65,,Kraken → Coinbase,0.93%
2025-09-16 16:16:32,1INCH,0.216,0.214,,Coinbase → Kraken,0.93%
2025-09-16 16:16:32,ALGO,0.1985,0.1978,,Coinbase → Kraken,0.35%
2025-09-16 16:16:32,ANKR,0.01277,0.01268,,Coinbase → Kraken,0.71%
2025-09-16 16:16:32,APE,0.4909,0.488,,Coinbase → Kraken,0.59%
2025-09-16 16:16:32,ATOM,3.76,3.756,,Coinbase → Kraken,0.11%
2025-09-16 16:16:32,AVAX,25.22,25.25,,Kraken → Coinbase,0.12%
2025-09-16 16:16:32,AXS,2.047,2.04,,Coinbase → Kraken,0.34%
2025-09-16 16:16:32,BAT,0.13108,0.13151,,Kraken → Coinbase,0.33%
2025-09-16 16:16:32,BCH,498.69,499.2,,Kraken → Coinbase,0.10%
2025-09-16 16:16:32,CHZ,0.03458,0.0349,,Kraken → Coinbase,0.93%
2025-09-16 16:16:32,CRO,0.1912,0.191,,Coinbase → Kraken,0.10%
2025-09-16 16:16:32,ENS,19.44,19.59,,Kraken → Coinbase,0.77%
2025-09-16 16:16:32,ETC,17.052,17.0,,Coinbase → Kraken,0.31%
2025-09-16 16:16:32,FIL,2.041,2.05,,Kraken → Coinbase,0.44%
2025-09-16 16:16:32,GRT,0.07869,0.0785,,Coinbase → Kraken,0.24%
2025-09-16 16:16:32,ICP,3.932,3.937,,Kraken → Coinbase,0.13%
2025-09-16 16:16:32,MANA,0.28629,0.285,,Coinbase → Kraken,0.45%
2025-09-16 16:16:32,MASK,1.052,1.05,,Coinbase → Kraken,0.19%
2025-09-16 16:16:32,MINA,0.1521,0.153,,Kraken → Coinbase,0.59%
2025-09-16 16:16:32,SHIB,1.087e-05,1.091e-05,,Kraken → Coinbase,0.37%
2025-09-16 16:16:32,SNX,0.569,0.567,,Coinbase → Kraken,0.35%
2025-09-16 16:16:32,UNI,7.725,7.71,,Coinbase → Kraken,0.19%
2025-09-16 16:16:32,XTZ,0.645,0.65,,Kraken → Coinbase,0.78%
2025-09-16 16:22:58,BAT,0.13003,0.13151,,Kraken → Coinbase,N/A,0.38%
2025-09-16 16:22:58,ENS,19.44,19.59,,Kraken → Coinbase,N/A,0.01%
2025-09-16 16:22:58,XTZ,0.643,0.65,,Kraken → Coinbase,N/A,0.33%
2025-09-16 16:23:03,BAT,0.13003,0.13151,,Kraken → Coinbase,N/A,0.38%
2025-09-16 16:23:03,ENS,19.44,19.59,,Kraken → Coinbase,N/A,0.01%
2025-09-16 16:23:03,XTZ,0.643,0.65,,Kraken → Coinbase,N/A,0.33%
2025-09-16 16:23:08,BAT,0.13003,0.13151,,Kraken → Coinbase,N/A,0.38%
2025-09-16 16:23:08,ENS,19.44,19.59,,Kraken → Coinbase,N/A,0.01%
2025-09-16 16:23:08,XTZ,0.643,0.65,,Kraken → Coinbase,N/A,0.33%
2025-09-16 16:23:13,BAT,0.13003,0.13151,,Kraken → Coinbase,N/A,0.38%
2025-09-16 16:23:13,ENS,19.44,19.59,,Kraken → Coinbase,N/A,0.01%
2025-09-16 16:23:13,XTZ,0.643,0.65,,Kraken → Coinbase,N/A,0.33%
2025-09-16 17:26:20,ENS,19.37,19.59,,Kraken → Coinbase,N/A,0.38%
2025-09-16 17:26:20,MANA,0.28647,0.284,,Coinbase → Kraken,N/A,0.11%
2025-09-16 17:26:25,ENS,19.37,19.59,,Kraken → Coinbase,N/A,0.38%
2025-09-16 17:26:25,MANA,0.28647,0.284,,Coinbase → Kraken,N/A,0.11%
2025-09-16 17:26:30,ENS,19.37,19.59,,Kraken → Coinbase,N/A,0.38%
2025-09-16 17:26:30,MANA,0.28647,0.284,,Coinbase → Kraken,N/A,0.11%
2025-09-16 17:26:35,ENS,19.37,19.59,,Kraken → Coinbase,N/A,0.38%
2025-09-16 17:26:35,MANA,0.28647,0.284,,Coinbase → Kraken,N/A,0.11%
2025-09-16 17:26:40,ENS,19.37,19.59,,Kraken → Coinbase,N/A,0.38%
2025-09-16 17:26:40,MANA,0.28647,0.284,,Coinbase → Kraken,N/A,0.11%
2025-09-16 17:26:45,ENS,19.37,19.59,,Kraken → Coinbase,N/A,0.38%
2025-09-16 17:26:45,MANA,0.28647,0.284,,Coinbase → Kraken,N/A,0.11%
2025-09-16 17:26:50,ENS,19.37,19.59,,Kraken → Coinbase,N/A,0.38%
2025-09-16 17:26:50,MANA,0.28647,0.284,,Coinbase → Kraken,N/A,0.11%
2025-09-16 17:26:55,ENS,19.37,19.59,,Kraken → Coinbase,N/A,0.38%
2025-09-16 17:26:55,MANA,0.28647,0.284,,Coinbase → Kraken,N/A,0.11%
2025-09-16 17:27:00,ENS,19.37,19.59,,Kraken → Coinbase,N/A,0.38%
2025-09-16 17:27:00,MANA,0.28647,0.284,,Coinbase → Kraken,N/A,0.11%
2025-09-16 17:27:05,ENS,19.37,19.59,,Kraken → Coinbase,N/A,0.38%
2025-09-16 17:27:05,MANA,0.28647,0.284,,Coinbase → Kraken,N/A,0.11%
2025-09-16 17:27:10,ENS,19.37,19.59,,Kraken → Coinbase,N/A,0.38%
2025-09-16 17:27:10,MANA,0.28802,0.284,,Coinbase → Kraken,N/A,0.66%
2025-09-16 17:27:15,ENS,19.37,19.59,,Kraken → Coinbase,N/A,0.38%
2025-09-16 17:27:15,MANA,0.28802,0.284,,Coinbase → Kraken,N/A,0.66%
2025-09-16 17:27:20,ENS,19.37,19.59,,Kraken → Coinbase,N/A,0.38%
2025-09-16 17:27:20,MANA,0.28802,0.284,,Coinbase → Kraken,N/A,0.66%
2025-09-16 17:27:25,ENS,19.37,19.59,,Kraken → Coinbase,N/A,0.38%
2025-09-16 17:27:25,MANA,0.28802,0.284,,Coinbase → Kraken,N/A,0.66%
2025-09-16 17:27:30,ENS,19.37,19.59,,Kraken → Coinbase,N/A,0.38%
2025-09-16 17:27:30,MANA,0.28802,0.284,,Coinbase → Kraken,N/A,0.66%
